Date,open,high,low,adj_close,volume
2016-09-12,52.052271662510954,53.01854530826627,51.91232889835227,52.83195495605469,3518400
2016-09-13,52.85861412469069,52.95190930552264,52.27218654743184,52.50542449951172,3602400
2016-09-14,53.14517093354814,58.476347955095285,52.232205038293806,52.42546081542969,2532000
2016-09-15,52.15224903208224,52.758667872114195,52.15224903208224,52.68536376953125,2504100
2016-09-16,52.33882757704813,53.09851984592043,52.27884919571281,53.05187225341797,5058200
2016-09-19,53.15849718590854,53.65829503682016,53.07853278365494,53.61831283569336,3159600
2016-09-20,53.65164944801516,53.871556698761346,53.425071716308594,53.425071716308594,2398900
2016-09-21,53.431719009974465,54.5979139203207,53.42505361548043,54.57792282104492,2728100
2016-09-22,54.7245339328103,55.064392807158086,54.48463056020799,54.98442840576172,2707300
2016-09-23,54.83115117614688,55.17101511205699,54.64456080637859,54.991085052490234,2348800
2016-09-26,54.924447072417465,55.091046345326426,54.55126632804741,54.74452209472656,2718100
2016-09-27,54.98442333883776,55.18433940811262,54.17141810485069,54.264713287353516,2268300
2016-09-28,54.46462935626538,54.46462935626538,53.60497661128015,54.044795989990234,1998200
2016-09-29,53.85821263347081,53.85821263347081,53.09852035728234,53.518348693847656,2898900
2016-09-30,53.72492853751258,53.9381753763957,52.98522745296677,53.338417053222656,3883000
2016-10-03,53.16514924415517,53.205131435252284,52.332153034929355,52.7053337097168,2963200
2016-10-04,52.71200465704091,52.971899094967064,51.385875975801554,51.61911392211914,3491900
2016-10-05,51.69909304906735,52.225547417161316,51.26593387691845,51.372554779052734,3834200
2016-10-06,51.345903366674314,51.91900533274082,51.00603939047049,51.372554779052734,5137600
2016-10-07,51.73239540277755,52.11890686896383,50.99269435287827,51.02601623535156,4537400
2016-10-10,51.232602650613764,51.56580117091116,51.00603009723038,51.35255432128906,2381500
2016-10-11,51.179293660866975,51.192619364344324,50.5195569441071,50.58620071411133,3479400
2016-10-12,50.66616626289834,51.18595514190953,50.646175165121896,51.0793342590332,3082400
2016-10-13,51.02602569027129,52.29218119578849,51.02602569027129,51.93899154663086,3773600
2016-10-14,51.765722069493854,51.96564321439967,51.4325235507881,51.4525146484375,2460500
2016-10-17,51.512494261864084,51.85235309847213,51.472506981399704,51.672428131103516,1784500
2016-10-18,51.91899602144405,52.14556857547454,51.27925038654466,51.912330627441406,2481500
2016-10-19,51.912340476573206,52.16556957045253,51.64578059215939,52.065608978271484,2547400
2016-10-20,52.132249544726825,52.70534639716345,51.958984867921366,52.25886154174805,2804000
2016-10-21,51.99230194091797,52.1522409130401,51.679099559977026,51.99230194091797,2132800
2016-10-24,52.18555079716279,52.38547194369452,51.85235227574721,52.24552917480469,2868100
2016-10-25,52.15889973391337,52.52542017929943,52.078935334342944,52.37214660644531,3664500
2016-10-26,52.36548395886103,52.59872192087607,52.05894191104036,52.492095947265625,2215100
2016-10-27,52.27219233145971,52.4721084192753,51.93899376756047,52.25886154174805,1982500
2016-10-28,52.3588139961637,52.705338211751,52.165558249010964,52.45877456665039,1608800
2016-10-31,52.61870550669258,53.63829208378073,52.512084632512284,53.3250846862793,3523900
2016-11-01,53.33843422752643,53.34509962332055,52.2055559002702,52.358829498291016,2984600
2016-11-02,52.22553064565671,52.292169323616406,51.265917413580326,51.97896194458008,3239100
2016-11-03,51.865680453493404,52.218870054945846,51.57912953612913,51.965641021728516,2455300
2016-11-04,52.31216707792202,52.7653172636213,51.432523197941755,51.492496490478516,2849400
2016-11-07,51.85236201461512,52.73200607299805,51.24594323552878,52.73200607299805,3303900
2016-11-08,52.85861329860041,53.30509809763353,52.64536644800206,53.07852554321289,2243200
2016-11-09,52.645364092007306,52.645364092007306,51.412530633276134,51.53914260864258,4758400
2016-11-10,51.3059055861262,51.3059055861262,49.10679845179422,50.086402893066406,6005000
2016-11-11,50.053079691905566,50.63284691934513,49.813176362220624,50.13970947265625,3746000
2016-11-14,50.03975576240967,50.04642115698264,49.03349980276564,49.60660171508789,5903000
2016-11-15,49.95313083281735,50.89275327503121,49.88649213321939,50.59953689575195,4442000
2016-11-16,50.737702771834684,50.933159473404565,49.66606670769614,49.85478210449219,4849300
2016-11-17,49.8480288912586,50.21198213046522,49.706492377473964,49.78737258911133,4460100
2016-11-18,49.88174082516186,50.0165360643199,49.430165975554026,49.605403900146484,4450500
2016-11-21,49.868239337463244,50.2119737519308,49.726702847295854,50.164794921875,3204300
2016-11-22,49.95588507804638,50.10415780009273,49.38299239524325,49.794124603271484,3590800
2016-11-23,49.416682648979034,50.077191583595685,49.35602634118277,49.56496047973633,2829200
2016-11-25,49.70650239404967,50.35352879121069,49.69302492711471,50.11089324951172,1972200
2016-11-28,50.31983777337518,51.31733497752881,50.292877694599504,51.27689743041992,4049000
2016-11-29,51.08143009700442,51.674536280445786,50.973589804319715,51.47234344482422,3763100
2016-11-30,50.73094633436013,50.791607775011904,49.719966888427734,49.719966888427734,5583200
2016-12-01,49.53800248608147,49.585181330383875,48.84379728758528,49.03251266479492,4324800
2016-12-02,49.403213806527155,49.99632009097119,49.160578248775266,49.48408889770508,3754100
2016-12-05,49.29535863554269,49.61213302612304,48.756167527051765,49.61213302612305,3559200
2016-12-06,49.76042087765859,50.023275182001484,49.605401731506056,49.7806396484375,3140000
2016-12-07,49.86151009637387,50.39395476284045,49.79410735084972,50.32655715942383,3370900
2016-12-08,49.949134771197365,50.50180343847295,49.53800263726095,50.367008209228516,3386600
2016-12-09,50.33329485739015,51.115116256820336,50.28611602416684,51.10163879394531,3196100
2016-12-12,50.987079687196626,51.62062349973968,50.93990083794226,51.54648971557617,3963600
2016-12-13,51.67453674250794,52.20024531877621,51.57343775273906,52.11262893676758,3968700
2016-12-14,52.301344444063446,52.530502497607216,50.78487501992567,50.906192779541016,4756000
2016-12-15,50.77812711288714,51.29709946124155,50.51527285825324,51.24317932128906,3127700
2016-12-16,51.357762623092675,51.76215858465279,51.0746895636872,51.6206169128418,7038000
2016-12-19,51.96435459336802,52.05871228559273,51.47234736135471,51.98457336425781,2775000
2016-12-20,51.701503515395984,52.28787361835066,51.64084719893975,52.13285446166992,2639200
2016-12-21,52.05196506744546,52.341779386895325,51.883468489674776,51.89694595336914,2013300
2016-12-22,51.86999291704223,52.60464076963084,51.83629668218364,52.41592025756836,3339000
2016-12-23,52.41592081308742,52.456363494297804,52.0654501426162,52.31482696533203,1421400
2016-12-27,52.22719514482521,52.38895555356011,51.984559673830084,52.220458984375,1554500
2016-12-28,52.260894461598205,52.31481459572405,51.82954367280544,51.91716003417969,1897600
2016-12-29,51.97109804043793,52.68552206591129,51.896959116046304,52.58442306518555,2976500
2016-12-30,52.60464132715001,52.73269524834292,52.13284775515587,52.31482696533203,2465600
2017-01-03,52.335041649326456,52.58441331046676,51.91042695346862,52.38896179199219,2905900
2017-01-04,52.335018157958984,52.806806339245256,52.32153555729051,52.335018157958984,2531100
2017-01-05,52.50354956530508,52.543987109974154,51.923920761873205,52.40245056152344,3284600
2017-01-06,52.23394467275961,52.483321485581996,52.07218938066002,52.227203369140625,3132200
2017-01-09,52.308075836355926,52.38895604147664,51.49255305095763,51.6543083190918,4585700
2017-01-10,51.55321810785544,51.78237615691443,51.317323897138934,51.559959411621094,2840000
2017-01-11,51.41169809502637,52.03176454582226,51.39147931934321,51.9643669128418,2726200
2017-01-12,51.876734176090345,52.308085061930285,51.741933810447755,52.26090621948242,2476300
2017-01-13,52.12610667788181,52.22046950637745,51.741934628416494,52.038490295410156,1954200
2017-01-17,52.213722962174714,52.456358457707495,52.072186446798554,52.20698165893555,3755000
2017-01-18,52.15306753203152,52.51028465539697,52.09241122220673,52.23394775390625,2235700
2017-01-19,52.078926640065376,52.28112461603349,51.81607235657171,51.97783279418945,2575500
2017-01-20,52.1126320172546,52.287869933738776,51.86325518003128,52.1193733215332,2662800
2017-01-23,52.18675556270192,52.35525212526493,51.82280237051296,51.91716003417969,2166800
2017-01-24,52.031757497223296,52.11937903612686,51.802604547710494,52.018280029296875,2751400
2017-01-25,51.8497791447749,51.97783821906063,51.600402300668115,51.95087814331055,2347000
2017-01-26,51.89021127161947,52.051971709237215,51.661058364823205,51.97783279418945,3085400
2017-01-27,52.11263078508582,52.32156493380589,51.71498125789493,51.85651779174805,2562000
2017-01-30,51.883475109966504,52.247423239336094,51.69475459941247,51.97783279418945,2379100
2017-01-31,51.97783507010971,52.94837202777179,51.97783507010971,52.93489456176758,3753700
2017-02-01,52.66529210924091,52.746172321066084,51.95086823549543,52.139583587646484,3454900
2017-02-02,52.28113117839216,52.53050802777367,52.00479939479908,52.42940902709961,2997400
2017-02-03,52.496773371242064,52.597872307833555,52.22044176280453,52.335018157958984,2478100
2017-02-06,52.49679955430547,52.59789854132063,52.200243896956486,52.281124114990234,2017100
2017-02-07,52.33505293970532,52.476589488156044,52.17329761892006,52.40245056152344,1629900
2017-02-08,52.44963528892915,53.04948293191924,52.395715128588364,53.00230407714844,2973600
2017-02-09,53.00229813728984,53.137093380926075,52.28113278540726,52.40245056152344,3351400
2017-02-10,52.29460547175076,52.678782679418326,52.29460547175076,52.63833999633789,2550000
2017-02-13,52.74617730988446,53.03599166870117,52.50354179356776,53.03599166870117,2925900
2017-02-14,52.94835954319788,53.02923974647764,52.29459204081446,52.5978889465332,3715800
2017-02-15,52.32872683742705,52.58767686003423,51.98118468148065,52.3219108581543,3802900
2017-02-16,52.58768275672903,53.97784633732582,52.31510074501153,53.766597747802734,6795600
2017-02-17,53.6303081386004,53.827929981844385,53.139666719832725,53.398616790771484,4104600
2017-02-21,53.35772196806805,53.98465689267165,53.10558272272861,53.89606475830078,2735000
2017-02-22,53.97783603256676,54.509367994454415,53.80747295765054,54.42759704589844,2895000
2017-02-23,54.502559701822484,55.24534024679856,54.44804226758515,55.13631057739258,2801200
2017-02-24,55.33393188701246,56.02220025539106,55.31348914720097,55.851837158203125,3846800
2017-02-27,55.83138141029415,56.0153712247991,55.538356743439664,55.7836799621582,2505800
2017-02-28,55.59968841971023,56.437877002505225,55.59968841971023,56.25388717651367,3529900
2017-03-01,55.606521259054,56.233456292097806,55.33393922757892,55.83140182495117,4832300
2017-03-02,55.606511105985845,56.41062509252757,55.46340673538124,56.12441635131836,4176100
2017-03-03,55.97451071231564,55.98814267447144,55.388461117302036,55.817779541015625,2848100
2017-03-06,55.8518479456351,55.93362411974475,55.55882315391321,55.79051971435547,2785100
2017-03-07,55.599697282317436,55.9267967128589,55.51111034443306,55.6678466796875,3732600
2017-03-08,55.272616322738344,55.279432303925795,54.68656671830502,54.73426818847656,3342600
2017-03-09,54.87055219829291,55.05454728204216,54.52982595334828,54.55027389526367,3074500
2017-03-10,54.79558135363379,55.163561016525534,54.63202906005036,54.95231246948242,3334400
2017-03-13,55.061364542083645,55.177210220279825,54.82966798662125,55.109066009521484,3423500
2017-03-14,55.0954340479278,55.27261315515551,54.931886902293776,55.109066009521484,2151200
2017-03-15,55.25215447876921,56.124412602710926,55.088602181228744,55.87908935546875,3727700
2017-03-16,56.01538615250365,56.10397829341381,55.36119246127219,55.620147705078125,4352300
2017-03-17,55.776873657443566,56.0494556365231,55.55199313477279,55.770057678222656,7276900
2017-03-20,55.83138260998144,55.94722824379114,55.102228916196815,55.32029342651367,3271000
2017-03-21,55.299865945180514,56.567367885739245,55.27942320405368,56.34248733520508,5092500
2017-03-22,56.553722841494206,56.96259316664428,56.27433011228448,56.39699172973633,2881800
2017-03-23,56.213009709309134,56.7581737350157,56.117606784670905,56.34248733520508,2410000
2017-03-24,56.29478378257638,56.744539667875145,56.18574890185591,56.553733825683594,2078800
2017-03-27,56.77859972858033,56.9557787645342,56.15848090134369,56.41743087768555,2125800
2017-03-28,56.247081879561705,56.54692260011504,56.117604259492,56.512847900390625,2458500
2017-03-29,56.38336682389978,56.38336682389978,56.008571145253114,56.16530227661133,2087600
2017-03-30,55.95405063675852,55.96086661572521,55.647399171149395,55.906349182128906,2467000
2017-03-31,55.81777726747881,56.19938900717377,55.695115608424004,55.885921478271484,2251800
2017-04-03,55.810961655256165,56.076727718451714,55.38164324619408,56.049468994140625,2756200
2017-04-04,56.042625845710894,56.34928244625128,55.86545202218183,56.13121795654297,1761400
2017-04-05,56.063090164980245,56.54010999424085,55.95406047768066,56.47196578979492,2064000
2017-04-06,56.32884602284393,56.47195037283346,56.13122424455321,56.2811393737793,2499200
2017-04-07,56.424247805112024,56.55372019592744,56.02218827819042,56.0562629699707,2453100
2017-04-10,56.0835510313134,56.17895397933957,55.776894242025776,56.151695251464844,2563900
2017-04-11,56.09716238140111,56.15167982217032,55.729177454812884,56.008575439453125,1876600
2017-04-12,55.85184606196083,56.45152238799631,55.71555764211138,56.41063690185547,2230800
2017-04-13,56.39699020868636,56.49239310867938,55.96767195964964,56.2811393737793,2425200
2017-04-17,56.356111560355224,56.567365340322,56.247081879561705,56.512847900390625,2046600
2017-04-18,56.49239619733038,56.73771943903035,56.32203312387587,56.46513748168945,2257400
2017-04-19,56.451509680117795,56.49921633530274,55.89271896601331,56.11759948730469,2132600
2017-04-20,56.11760833871455,56.11760833871455,55.48385735088496,55.89954376220703,2330800
2017-04-21,55.947226119309285,56.35609641074387,55.89952467195971,56.022186279296875,2471100
2017-04-24,56.15851495489651,56.3493208635938,55.63379350690786,56.27436065673828,2641300
2017-04-25,56.15850595050957,56.36975457282865,55.96088409131065,56.34931182861328,2954400
2017-04-26,56.267509688313545,56.758156119356826,56.178922771234895,56.2879524230957,2291800
2017-04-27,56.342476968910255,56.7990487669712,56.287959536556215,56.49239730834961,1736700
2017-04-28,56.36291865850482,56.49239625817158,56.056267205583794,56.21981430053711,2166600
2017-05-01,56.226628996542715,56.301589163158866,55.77686799684583,55.926788330078125,2069600
2017-05-02,56.0358258330001,56.274333102086956,55.810945322545976,56.14485549926758,2576100
2017-05-03,56.0698962838492,56.25389132246956,55.81776225183638,55.906349182128906,2128500
2017-05-04,55.831383587964794,56.32884602284393,55.79049811627296,56.2811393737793,2110400
2017-05-05,56.34930656502267,56.662774078207796,56.34930656502267,56.54692840576172,2144500
2017-05-08,56.57417523569018,56.66958335361167,56.13123534061964,56.50603103637695,2179400
2017-05-09,56.24026454024987,56.54010525355485,55.933613046420035,55.95405578613281,2478000
2017-05-10,56.063078643188575,56.35610334124776,55.885904787854905,56.2061882019043,2142900
2017-05-11,55.981317174255196,56.57417745046571,55.9199837531238,56.560550689697266,2372900
2017-05-12,56.62869429264741,57.017121958806214,56.57417685201161,56.88764953613281,2013500
2017-05-15,56.93534873373018,57.09889585006725,56.73772691858289,56.95579147338867,2043000
2017-05-16,56.95578233317521,57.105702665370565,56.62186697544256,56.64231491088867,2614700
2017-05-17,56.645774831140535,57.31365465338326,56.645774831140535,56.99692916870117,4344700
2017-05-18,57.217256268648946,57.6028394328036,56.797249507067754,57.32053756713867,3772300
2017-05-19,57.396258017956356,57.44445524103567,56.95559619177308,57.40314483642578,3104700
2017-05-22,57.33430692768553,58.07103916485069,57.279228120248106,57.905792236328125,2213200
2017-05-23,57.926432636824046,58.3739813213823,57.85069338621709,58.043487548828125,1749300
2017-05-24,58.16054083747697,58.442837400272225,58.10545678757893,58.31201934814453,2971100
2017-05-25,58.394638928282966,58.697595943176516,58.25693405956991,58.621856689453125,2801700
2017-05-26,58.65629170067456,58.766454556607414,58.49103953711841,58.573665618896484,2024000
2017-05-30,58.663146182882386,58.89725067994858,58.442815319638875,58.807743072509766,2501600
2017-05-31,58.88349188720478,59.220877710567656,58.800871075853436,58.99365997314453,3250800
2017-06-01,58.85595961713337,59.489410400390625,58.69070747559367,59.489410400390625,3158900
2017-06-02,59.75794212764739,59.764828947231535,59.15891489832699,59.40678787231445,2114500
2017-06-05,59.38612625567671,59.42055509677652,59.0005484502562,59.09694290161133,2284900
2017-06-06,59.27594927417908,59.32415174572901,58.97988439879169,59.083160400390625,2066800
2017-06-07,59.08317391171383,59.37924410791029,58.92481383764597,59.275962829589844,3025100
2017-06-08,59.275964689716,59.275964689716,58.3533304814695,58.787105560302734,2571100
2017-06-09,58.59430863337,59.041857290272645,58.4703721630447,59.021202087402344,2264200
2017-06-12,59.028101322405114,59.344826756946574,58.580552571362226,58.952362060546875,3292600
2017-06-13,58.89037827118802,59.24841929474608,58.814639025939336,59.179561614990234,2421400
2017-06-14,59.516940782391295,59.79235045821258,59.27594943639341,59.4343147277832,2432900
2017-06-15,59.35856601649339,59.8749669558873,59.269058411448505,59.868080139160156,2468100
2017-06-16,59.985171125518534,60.23992571367732,59.84057940580823,59.998939514160156,4996900
2017-06-19,60.11596938534672,60.11596938534672,59.5720262839812,59.826786041259766,2394500
2017-06-20,59.792369869846915,59.936966825630286,59.67532019431233,59.840572357177734,2420400
2017-06-21,59.85432970205687,59.998921378060906,59.296618201312235,59.6064567565918,1735200
2017-06-22,59.489413948011666,59.716631716350875,59.36547746101794,59.40678787231445,2106900
2017-06-23,59.36546765143177,59.62710896824957,59.117594718402984,59.18644714355469,1543000
2017-06-26,59.441217897102376,59.93696385491839,59.2071133045318,59.69597244262695,2834500
2017-06-27,59.46186652570488,59.58580300144948,58.83529732802281,59.00743103027344,2404500
2017-06-28,59.23464404742312,59.26907288636519,58.429059645970234,58.504798889160156,3180700
2017-06-29,58.339551941925876,58.339551941925876,57.678553956214486,57.857574462890625,3859300
2017-06-30,57.94019419780114,58.12609624947503,57.55461120605469,57.55461120605469,3607600
2017-07-03,57.685451529222085,57.72676194111704,57.258563264696214,57.361839294433594,1705900
2017-07-05,57.36871581014776,57.485765458229736,56.95559600608572,57.348060607910156,3530000
2017-07-06,57.21725999396141,57.3549701519488,56.99004217311128,57.292999267578125,2801800
2017-07-07,57.299871424305394,57.66479405664483,57.2103585312458,57.43757629394531,2531400
2017-07-10,57.54773727673179,57.712984150488786,57.2585539343812,57.27920913696289,1833900
2017-07-11,57.40314689850039,57.451344123311074,57.01068228129805,57.27232360839844,2558000
2017-07-12,57.71986556372849,58.022817261728406,57.63723950803601,57.82314682006836,2946600
2017-07-13,57.71298337720662,57.82315146030411,57.38937119948693,57.40314483642578,2175400
2017-07-14,57.733632423203815,57.92642129496343,57.61658278722159,57.72674560546875,1377300
2017-07-17,57.72675117880768,57.90577168548382,57.561504308931475,57.857574462890625,1594100
2017-07-18,57.885120667157416,58.02971234538768,57.78872621500391,57.96774673461914,1653500
2017-07-19,58.02282351918702,58.132991605324705,57.8093794186746,58.07790756225586,1790100
2017-07-20,58.250073244571524,58.491059498954,58.00220016774772,58.477291107177734,1971700
2017-07-21,58.44974093162658,58.68384558407597,58.09858657950531,58.663185119628906,2494400
2017-07-24,58.69071125441903,58.71825327978229,58.06414724999366,58.21562576293945,2541700
2017-07-25,58.2293883877859,58.291359251997804,57.62347964905623,57.70610046386719,1926900
2017-07-26,57.61658957341974,58.15364585174933,57.56150553125686,58.146759033203125,1702400
2017-07-27,57.97462437240691,58.55988311767578,57.87134836145668,58.55988311767578,2179600
2017-07-28,58.53234195848527,58.683820447579336,58.236271798829605,58.4634895324707,2089800
2017-07-31,58.4566033269444,58.75267348970481,58.29135645215592,58.60808181762695,2435100
2017-08-01,58.62874488919262,58.883499427620194,58.55989245321501,58.642513275146484,2825100
2017-08-02,58.53235702157433,59.03498458862305,58.28448402164998,59.03498458862305,2131600
2017-08-03,59.214004555412494,59.57204041112568,58.87662390730329,59.56515884399414,2915600
2017-08-04,59.33103765666465,59.61333942332232,59.19333280904343,59.54448699951172,2599600
2017-08-07,59.53072550559221,59.59269637683443,59.214000088977166,59.39302062988281,2026400
2017-08-08,59.28286110885889,59.63401542178794,59.22089548175055,59.62712860107422,2045800
2017-08-09,59.73728290331184,59.83367735858845,59.22088178442835,59.35169982910156,2115400
2017-08-10,59.351693957596595,59.62710891104249,59.04874223659908,59.48251724243164,2140900
2017-08-11,59.537605774943444,59.537605774943444,58.63562685614335,59.00743103027344,2516800
2017-08-14,59.090041666497825,59.39988014838996,58.96610522312051,59.29660415649414,2473800
2017-08-15,59.15202490505687,59.88187008387731,59.13825126785077,59.826786041259766,1876300
2017-08-16,59.80590895445638,60.08417409925896,59.62503581421477,60.04243087768555,1804200
2017-08-17,60.042449434438076,60.13984146909909,59.687666439944884,59.73636245727539,2055000
2017-08-18,59.65287283853319,60.40418726294472,59.55548081767989,60.09113693237305,2853800
2017-08-21,60.174623909982664,60.29984299284549,59.938101924279316,60.23027801513672,2090600
2017-08-22,60.23026913649149,60.320703063435126,59.903307951243804,60.20940017700195,1719800
2017-08-23,60.22331184953033,60.51548790120863,59.92417770877392,60.43896484375,1931900
2017-08-24,60.341603563781824,60.60595800874027,60.22334252654756,60.36247253417969,1984900
2017-08-25,60.79376369225274,60.905071907061185,60.50158758958229,60.68246078491211,1708900
2017-08-28,60.779829704288034,60.87026361382661,60.50156458056024,60.81460952758789,1185400
2017-08-29,60.90508162781796,61.18334159431513,60.75203546176332,60.870296478271484,1828300
2017-08-30,60.74505498367922,60.92592814121921,60.571139914977955,60.717227935791016,1425100
2017-08-31,60.78678510319178,60.891135192518384,60.67548223338516,60.731136322021484,2188300
2017-09-01,60.856384046814604,60.9050800704533,60.33463866177063,60.5850715637207,1364000
2017-09-05,60.66157345122104,60.891142614227356,60.376355500261674,60.80766677856445,1910400
2017-09-06,60.88421364420408,60.953783950485075,60.390295252930386,60.5155143737793,1978900
2017-09-07,60.585064688750535,60.91202594213736,60.43202385144437,60.75897979736328,1943800
2017-09-08,60.77986448293683,61.23899768846089,60.66855624676808,61.06508255004883,1938300
2017-09-11,60.96767547553129,61.49637885212992,60.849414484341494,61.45463562011719,1674700
2017-09-12,61.426804388273524,61.45462612869503,60.327659880289524,60.717227935791016,2900200
2017-09-13,60.675523012556326,60.689433890331706,60.285954745210724,60.36247253417969,2544800
2017-09-14,60.34159298848327,60.92595059455838,60.19550491383166,60.870296478271484,2755900
2017-09-15,60.870266236146264,61.06505023890737,60.397217097669575,60.731136322021484,6419300
2017-09-18,60.73116843989234,60.73812122404937,59.499846288088705,59.86854553222656,2868200
2017-09-19,59.86852644789044,60.01461448065182,59.74330737588539,59.8128776550293,1954300
2017-09-20,59.9728937383414,60.000720796476585,59.03375308302071,59.2702751159668,2982700
2017-09-21,59.2841810109423,59.59027328984322,59.13113487149183,59.2424430847168,2456100
2017-09-22,59.38158147783608,59.409408535094634,58.588528922106796,58.609397888183594,1799200
2017-09-25,58.60938595202102,59.22852325439453,58.60242786225632,59.22852325439453,2117300
2017-09-26,59.158970386193886,59.242451558052764,58.91549026927443,59.005924224853516,1570600
2017-09-27,58.71373328047831,58.85286322436109,58.10154878947295,58.39373016357422,2318900
2017-09-28,58.1919987743957,58.78330910627884,58.018083658696646,58.61635208129883,2365800
2017-09-29,58.525909830160884,58.58852202849272,58.157210652936506,58.37982177734375,2384500
2017-10-02,58.48418233326373,58.86679775945167,58.28244013649816,58.6859245300293,2601100
2017-10-03,58.57461875251022,58.59549302819828,58.10156934549248,58.331138610839844,1926600
2017-10-04,58.36587937847767,58.76936348211255,58.19196436561419,58.76240539550781,3088800
2017-10-05,58.825040629860084,58.936348839371185,58.53286454109476,58.63721466064453,2060300
2017-10-06,58.4424349916446,58.950264140151205,58.296346936287854,58.880699157714844,2744500
2017-10-09,58.957228201469626,59.305058456345556,58.91549026927443,59.005924224853516,2720900
2017-10-10,59.1311336743009,59.743312912240604,58.99200371805429,59.68070602416992,1593100
2017-10-11,59.68766168542939,60.299840898458484,59.659834633818875,60.09809875488281,2235900
2017-10-12,60.13981398422082,60.57112516022321,60.105034163432734,60.50156021118164,2272900
2017-10-13,60.647665124441964,60.93984117644826,60.34853098334974,60.37635803222656,2073000
2017-10-16,60.31375794975345,60.6268083318436,60.11897387599137,60.612892150878906,1728700
2017-10-17,60.51548907803718,60.93288420390413,60.369401049357094,60.877235412597656,2355500
2017-10-18,60.7589611476657,60.84244228486409,60.18156719797555,60.55026626586914,1530600
2017-10-19,60.53637386204471,61.13464231157558,60.52942107848085,61.113773345947266,1672500
2017-10-20,61.03028837987982,61.25985227501691,60.884195027336794,61.16941833496094,2033600
2017-10-23,61.19029318368652,61.218120238873084,60.43897861605346,60.89811706542969,2609600
2017-10-24,60.97464055763623,61.25985858718142,60.758982205331385,61.21116256713867,2197800
2017-10-25,60.946827907598134,61.190308065360625,60.320732282302174,61.044219970703125,2268400
2017-10-26,61.30159537994063,61.600729559463325,60.76593390831117,60.772891998291016,2708400
2017-10-27,60.682455718772594,61.579852915273406,60.605932654347356,61.183326721191406,2059800
2017-10-30,61.06504757421115,61.35722356560312,60.99548262018436,61.29461669921875,2262300
2017-10-31,61.218116196951904,61.66333843560505,61.0789862376732,61.43376922607422,2666700
2017-11-01,61.60767235053708,61.60767235053708,60.912012074465196,61.12071228027344,2023900
2017-11-02,61.218101790047605,61.72593610609121,60.98853263454297,61.607669830322266,3518300
2017-11-03,61.41289225231372,62.261598692625796,61.329416410622066,61.57984924316406,2405200
2017-11-06,61.468561516666206,61.71899971846087,61.058119066376136,61.127689361572266,2557000
2017-11-07,61.27375932602196,62.21289965156891,60.946798142079906,62.16420364379883,2315000
2017-11-08,62.018129765090826,62.38682895193528,61.68421041603344,62.07378387451172,3057700
2017-11-09,61.9555244953405,62.428573863396444,61.85117966283951,62.35205078125,2101600
2017-11-10,61.98334162011549,62.11551879672633,61.67029655784193,61.83725357055664,2216700
2017-11-13,61.95551766111456,62.762486326563845,61.89986885907545,62.52595901489258,2626600
2017-11-14,62.386812825516735,63.40247617630248,62.33811681922792,63.36769104003906,2713100
2017-11-15,63.56943397064518,63.86161531959848,62.9016007440472,63.012908935546875,3304400
2017-11-16,63.055078471329644,63.16749121194253,62.443846254549676,62.67569351196289,3205200
2017-11-17,62.42979234335875,62.72486772363949,62.14173873870321,62.19091796875,2652700
2017-11-20,62.26117294270015,62.52111798067358,62.050401770166516,62.289276123046875,2558500
2017-11-21,62.35953599178395,62.66866027812332,62.28928071580382,62.39466094970703,2467000
2017-11-22,62.34545559700952,62.450841146888884,62.02930430750315,62.26817321777344,1653000
2017-11-24,62.40168792966318,62.58435593486298,62.27522628916086,62.37358474731445,936300
2017-11-27,62.45086716247656,62.54219848501494,62.1136396945395,62.44384002685547,3129300
2017-11-28,62.58434293821717,62.809162990185584,62.30331653322345,62.51408767700195,3013700
2017-11-29,62.366549085348574,62.774037133495185,62.05039770738189,62.528141021728516,2917800
2017-11-30,62.633529820548496,62.81619781016451,62.34547624614887,62.654605865478516,4393100
2017-12-01,62.8021558036941,63.034003063464866,61.95908168106254,62.33846664428711,3088500
2017-12-04,62.577336150712526,62.83025946143014,62.1276959005778,62.26118469238281,2552300
2017-12-05,62.324404133898675,62.352507315623185,61.439172670045025,61.797481536865234,3261300
2017-12-06,61.98716829749184,62.17685804833327,61.74126683066313,62.04336929321289,1970100
2017-12-07,62.00122144087232,62.015270350728805,61.50240205889832,61.75532531738281,2346000
2017-12-08,61.5234925257559,61.90990463905827,61.5234925257559,61.86072540283203,2701700
2017-12-11,61.692093970674485,62.09958205243548,61.509431335512936,62.085533142089844,2244200
2017-12-12,61.8326301885356,61.987195053784745,61.17221862252036,61.21437072753906,2787200
2017-12-13,61.425125281236625,61.95907502696481,61.22840836442465,61.516456604003906,3938200
2017-12-14,61.48835342158306,61.71317352081588,60.92630585356799,61.516456604003906,2437800
2017-12-15,61.62184920883404,61.93800602693763,61.50944182649591,61.71318054199219,6372800
2017-12-18,61.82557709086976,61.93096266930129,60.701476761244216,60.799835205078125,3166000
2017-12-19,60.88412964710768,60.933308856833456,59.66869294941077,59.72489929199219,2635100
2017-12-20,59.717893671214355,59.9989201252233,59.317432716295095,59.35958480834961,2011400
2017-12-21,59.3314849724064,59.55630507626353,58.83969267026084,59.226104736328125,2966400
2017-12-22,59.29634610521538,59.4509108953876,58.9942436590059,59.1347541809082,1683900
2017-12-26,59.197993119271956,59.28229729612359,58.706195527059705,58.73429870605469,1223100
2017-12-27,58.762414973081064,59.085593563304315,58.762414973081064,59.00128936767578,1663700
2017-12-28,59.07153427700127,59.19799590837025,58.91696946531324,59.00830078125,1904400
2017-12-29,59.21205154473526,59.422822741004246,59.00128570860045,59.09261703491211,2210700
2018-01-02,59.21204600260744,59.310404455624365,58.24251038281185,58.47435760498047,3167900
2018-01-03,58.35491896461834,58.867792646172546,58.20035414661204,58.291690826416016,2690200
2018-01-04,58.18630369147951,58.474357273778736,57.71558747468842,57.83502197265625,2475800
2018-01-05,57.96851901613553,58.13713276440311,57.15354273926246,57.568058013916016,3827200
2018-01-08,57.596131065234644,57.82797283775609,57.41346314010209,57.75069046020508,3560000
2018-01-09,57.63127388896003,57.63127388896003,56.87953127782785,57.07624816894531,2781700
2018-01-10,56.75308016252884,56.87251467423261,56.14887510785366,56.28236389160156,3227200
2018-01-11,55.860818322420776,56.30343134180553,55.50250948189019,55.69922637939453,4087200
2018-01-12,55.502517700146626,55.93108187322432,55.18636626236405,55.4322624206543,3211400
2018-01-16,55.56573263635496,55.69219425343646,54.947478819585925,55.09501647949219,4375300
2018-01-17,55.05287093558305,55.29173992949154,54.53297549697417,55.0880012512207,4125200
2018-01-18,55.249588740013394,55.249588740013394,54.13251543827901,54.33625411987305,4757600
2018-01-19,54.427587848063546,54.673483967809865,53.84445893542697,53.97092056274414,4536700
2018-01-22,54.20979507711994,54.55404964584046,53.99199677597832,54.062252044677734,3720100
2018-01-23,54.62430984708321,55.11610213252107,54.26600097618768,54.59620666503906,4033900
2018-01-24,54.589192730580955,54.61027414231253,54.24493804752472,54.266014099121094,3601700
2018-01-25,54.25898263671633,55.657082531110284,54.237901228747816,55.4322624206543,4842900
2018-01-26,55.453327164585176,55.530609564313345,54.842095101316865,55.38307189941406,3944500
2018-01-29,55.18635593710807,55.20040484632431,54.21681503705671,54.301124572753906,4901300
2018-01-30,54.167634175342194,54.73671414384317,54.07630286786743,54.561073303222656,3969200
2018-01-31,54.645383325642705,55.20743621984545,54.27302556129018,55.15122985839844,4007000
2018-02-01,55.02478185536484,55.25662913366425,53.8655508240028,53.9849853515625,4328600
2018-02-02,53.97093693306034,54.61027239845566,53.696937550786636,53.76719284057617,4252400
2018-02-05,53.85150112214489,54.51190726260359,53.20514389525556,53.26134490966797,5852100
2018-02-06,52.79763679695173,52.86789205988844,51.23794530314504,52.33394241333008,7810800
2018-02-07,52.31288116259588,53.08569999369003,52.11616422669567,52.270729064941406,4840400
2018-02-08,52.052919930267244,53.30348728951533,51.84918126041302,52.21451187133789,6160100
2018-02-09,52.214518112633804,53.900671552595135,51.89133955199577,53.46508026123047,6312300
2018-02-12,53.47914390333855,54.27303885270034,53.15596528607265,53.96390914916992,4373100
2018-02-13,53.77420625578969,54.30815597018285,53.268359722168135,54.15359115600586,3808000
2018-02-14,53.830436560508296,53.85853975377989,53.008432897688415,53.02951431274414,4563000
2018-02-15,53.15746064487708,54.18122521013439,53.07926153000553,54.17411422729492,3923800
2018-02-16,54.08168872863015,54.664664519756286,53.86840265359538,54.52958297729492,3796600
2018-02-20,54.18122078297969,54.47271139058297,53.193005788576244,53.81153106689453,4017000
2018-02-21,53.73332817651317,54.38739753793276,53.53426405991507,53.55559158325195,4242800
2018-02-22,53.66223234527428,54.20965864267276,53.44183529060802,53.70488739013672,3103900
2018-02-23,53.640902413039306,54.95615756050184,53.59113638320653,54.8992805480957,2839100
2018-02-26,56.242970089654726,56.61265983073757,55.20498899743648,55.396942138671875,5253800
2018-02-27,55.36850420331805,55.659994833640106,54.26654052734374,54.26654052734375,4088600
2018-02-28,54.046138276799226,54.43004995055554,53.541367027255774,53.56269454956055,3321700
2018-03-01,53.569814291602974,54.614906448154805,53.43473815355459,53.719112396240234,3209700
2018-03-02,53.64800967587713,54.24520741655351,53.02237885505954,53.56980514526367,3631400
2018-03-05,53.47737903211109,55.219195215339255,53.228548923662714,55.091224670410156,3840600
2018-03-06,54.90640613534253,55.02015476632062,53.768887281010265,53.93240737915039,3655400
2018-03-07,53.612468470007094,53.81863814451039,53.271211825140625,53.498714447021484,9936900
2018-03-08,53.69779887554294,54.05327219570312,53.49162369895894,54.02483367919922,4733900
2018-03-09,53.96083685480431,54.13857346801244,53.690673731309744,54.124351501464844,3870100
2018-03-12,54.11725115290711,54.55092896481844,54.074590673247776,54.42295837402344,3581800
2018-03-13,54.67178078597974,54.977487963561046,54.16700947864144,54.36607360839844,6365000
2018-03-14,54.5366876325589,54.97747627191787,54.35184008391293,54.742862701416016,3788900
2018-03-15,54.650455684927124,55.1907710827755,54.238105441234175,54.55802917480469,4619000
2018-03-16,54.67179262386959,55.26187958205493,54.5580385684687,55.1623420715332,6667100
2018-03-19,55.31163736257525,55.3614033983559,54.53670289217252,54.77131652832031,5503500
2018-03-20,54.757106200655755,55.005941856542634,54.26655672200126,54.337650299072266,3888500
2018-03-21,54.33763345019746,54.89928175586073,53.918172254587176,54.15989685058594,4051400
2018-03-22,54.27364888822878,55.11967689162497,54.088806718281255,54.16701126098633,3704800
2018-03-23,54.40161382510788,54.68599345781779,53.3423052529561,53.441837310791016,3033400
2018-03-26,53.534253428757175,54.08167964069073,53.484487409490484,53.97503662109375,2805900
2018-03-27,54.02482896669255,55.23344140426714,53.868419851610625,54.81398010253906,4338900
2018-03-28,54.9703722082635,55.283190341632746,54.430051457195766,55.041465759277344,4543200
2018-03-29,54.80685183710469,55.389833054626266,54.77130777385181,55.0770149230957,3962500
2018-04-02,55.13390931723172,55.48938260638449,54.43717928389184,54.81398010253906,3741100
2018-04-03,54.74289815074581,55.19790362352586,54.51539541435579,54.9277458190918,2971400
2018-04-04,54.84952564177884,55.38984652103374,54.53670743419576,55.24765396118164,3467600
2018-04-05,55.233416632868575,56.015456433452606,54.57223639461064,55.880374908447266,3934200
2018-04-06,55.87328680104648,56.093683920087074,55.49648599713066,55.56758499145508,3411900
2018-04-09,55.55335025764766,56.200314073513795,55.482256703751176,55.7879638671875,3855100
2018-04-10,55.78795871741615,55.85194128278964,54.92060333730911,55.11255645751953,4187900
2018-04-11,54.99169294410212,55.297400057412645,54.5935647682892,54.799739837646484,2426800
2018-04-12,54.80685519059358,55.01303029680038,54.00348771393167,54.1314582824707,2369000
2018-04-13,54.223875381879495,54.73575761846743,54.21676982376977,54.50825500488281,3993200
2018-04-16,54.61490224451434,55.51069622748077,54.600685703110685,55.42538070678711,2402900
2018-04-17,55.46093341672888,55.987032264660876,55.30452433175402,55.809295654296875,1727800
2018-04-18,55.91593756767112,56.46336392985435,55.64577445399639,55.65288543701172,2057000
2018-04-19,55.56757729841946,55.8875010322207,55.34718020989167,55.82351303100586,2423300
2018-04-20,55.90171529163482,55.96570329023638,55.11967531109956,55.226318359375,2764000
2018-04-23,55.36849652198674,55.61733206909288,55.148104902185175,55.44670104980469,2172700
2018-04-24,55.6102180480957,55.979907721503004,55.290288972482294,55.6102180480957,4273000
2018-04-25,55.56757147749028,56.0936702781757,55.32584688857618,56.0865592956543,3282100
2018-04-26,56.07234184240559,56.81883227229551,55.83061725742434,56.76195526123047,2810000
2018-04-27,56.59132551619861,57.408914862212185,56.52023196960828,57.231178283691406,2600500
2018-04-30,57.33071502735988,57.48001311464947,56.918364829651274,56.989463806152344,2658100
2018-05-01,56.989462077745785,57.088994132920185,56.60555039746301,56.75484848022461,2423200
2018-05-02,56.76196610065728,57.13877230285139,56.57001293176975,56.86150360107422,2586200
2018-05-03,56.697974771727964,56.93969394148599,56.0367944100909,56.70508575439453,3522600
2018-05-04,56.71218548562352,57.16719611999116,56.577109373381376,56.79039001464844,3853900
2018-05-07,56.78328908114502,56.96813123381174,56.47758192208496,56.52023696899414,2901400
2018-05-08,56.38514159855843,56.442018596553915,55.190751761098475,55.36848831176758,4333400
2018-05-09,55.31875467346344,55.41828676616868,54.657574101011626,55.19789505004883,3853500
2018-05-10,56.02259034985438,56.50603422116511,55.12679617746562,55.56758499145508,4605300
2018-05-11,55.60310835955008,55.738189889555976,55.11966466825968,55.389827728271484,4231000
2018-05-14,55.5035800079364,55.61022304271899,54.99880876232818,55.33295440673828,3972500
2018-05-15,54.99169996023941,55.2120970206178,54.43716266629495,54.6931037902832,3889100
2018-05-16,54.6930944302037,54.79262646982203,53.67644109059703,54.05324172973633,5483400
2018-05-17,53.98850357649637,54.153954937641,53.16842551357087,53.34107208251953,3474800
2018-05-18,53.42740771800103,53.6288351750764,52.60732942337375,53.08930969238281,3721000
2018-05-21,53.218780158532134,53.276325355057324,52.76557537567431,53.002967834472656,3301700
2018-05-22,52.82313281319901,53.45617396258426,52.80155267570144,53.28352737426758,2957300
2018-05-23,53.47056888981937,53.98851418679198,53.36985791411209,53.85902786254883,2901100
2018-05-24,53.859013638278384,54.528025222124654,53.69355679997873,54.484859466552734,4162700
2018-05-25,54.48486561961214,54.686287540577666,54.369769731204286,54.535221099853516,2262600
2018-05-29,54.49927256699657,55.420061906902916,54.30504030690975,55.103538513183594,4468600
2018-05-30,54.866147862492355,55.52797002569882,54.70069643794392,55.37690353393555,2620800
2018-05-31,55.348112701066555,55.80131204961213,55.00281403907751,55.50637435913086,3587800
2018-06-01,55.4775888007752,55.49916893411397,54.33379233880533,54.72944641113281,3403200
2018-06-04,54.909323073972274,55.031614232844014,54.197145291119966,54.21873092651367,3234500
2018-06-05,54.269058716153246,54.31941419634399,53.650402537617914,53.7726936340332,2497300
2018-06-06,53.7511148219007,53.85182578476273,52.51380243435477,52.6145133972168,3949500
2018-06-07,52.61452784622667,53.43460619093374,52.391525722696414,52.85911560058594,3289800
2018-06-08,52.90226873393649,53.06053040859705,52.420293988987765,52.600135803222656,3268500
2018-06-11,52.52819395380685,52.686455626258805,51.76566642836001,51.880767822265625,4922400
2018-06-12,51.887960861743885,52.405906190772455,51.780060158477006,52.13974380493164,4694200
2018-06-13,52.18290612211283,52.42748837684246,51.80164232013013,51.97428894042969,5618200
2018-06-14,52.15411948363144,53.00297295820881,52.06060372794448,52.84471130371094,5079900
2018-06-15,52.72241986968192,53.52091785717696,52.58573835287268,53.44898223876953,6493000
2018-06-18,53.43458545716106,53.700753250733136,53.26193889588105,53.528106689453125,3223900
2018-06-19,53.758315443478594,54.56400322750484,53.657598982138914,54.43451690673828,4039400
2018-06-20,54.88053319863299,55.103535310334856,54.50645912082793,54.808597564697266,3660900
2018-06-21,54.80860412238217,55.520776313728106,54.72227805832841,55.3265495300293,4198700
2018-06-22,55.319328374846194,55.87323859981524,55.21861742485182,55.700592041015625,3184200
2018-06-25,55.75097895124578,56.952321309510154,55.72939880526974,56.88758087158203,4768200
2018-06-26,56.81562516140543,57.21127383739067,56.578232662812496,56.6789436340332,4402500
2018-06-27,56.657367319301315,57.3407640256101,56.47033029369621,57.20408248901367,3978400
2018-06-28,57.36954436445067,57.65729239309967,56.901954503938185,56.99547576904297,2659400
2018-06-29,56.87319044870584,57.218489249337225,56.47754163302253,56.88758087158203,3385000
2018-07-02,56.98107012344994,57.44865985902053,56.75806806779417,57.37672424316406,2570000
2018-07-03,57.3767355822082,57.85871034086579,57.153727994145,57.41270065307617,2568600
2018-07-05,57.52059992551542,57.99538490590871,57.26882250636873,57.988189697265625,3964600
2018-07-06,57.966624723214245,58.772312675244294,57.90187880516181,58.71476745605469,2963000
2018-07-09,58.69318025268359,58.69318025268359,56.3768219642914,56.571048736572266,4505700
2018-07-10,56.41277959530437,57.506220911402444,56.03871103243083,57.20408248901367,3763200
2018-07-11,57.34075254955644,57.96660392055354,57.32636762200579,57.82272720336914,3921000
2018-07-12,57.84432101623815,58.00977240400374,57.62131344511496,57.909061431884766,3655400
2018-07-13,58.03135691654992,58.21839394529829,57.534997227504654,57.995391845703125,3366200
2018-07-16,58.04573703846817,58.25435417038409,57.60692263828911,58.110477447509766,4171500
2018-07-17,58.22559641245663,58.2687566981873,57.93784836813143,58.0169792175293,2271400
2018-07-18,58.0817203105729,58.0817203105729,57.47745435008095,57.86591339111328,3103400
2018-07-19,58.00257384131003,58.80826706001271,57.91625329210563,58.41261291503906,3009000
2018-07-20,58.311916983917975,58.50614924638091,57.54938933154301,58.0169792175293,3013500
2018-07-23,58.43421743585544,58.43421743585544,57.31200053829589,57.52781295776367,2844900
2018-07-24,57.62131946468269,57.65009481519941,56.67175485097894,57.470252990722656,4065500
2018-07-25,57.398322138999895,57.99539836319086,57.32638650088545,57.67887496948242,2582100
2018-07-26,57.87308074767519,58.513317024820644,57.84431089353563,58.36944580078125,2812000
2018-07-27,58.268751855836896,58.77230677530562,58.088910029121344,58.333492279052734,2097200
2018-07-30,58.16083743677484,58.41261486090172,57.98099563549333,58.10328674316406,2306900
2018-07-31,58.412628985705865,58.779507885769576,58.096111070981586,58.71476745605469,3691100
2018-08-01,58.36945079804341,58.58526314091452,57.65008363958753,58.304710388183594,3478500
2018-08-02,58.002575151738,58.412614234730874,57.196887403168795,57.87308883666992,4075600
2018-08-03,57.92345665612115,58.786700769853645,57.75800523895012,58.66440963745117,3122300
2018-08-06,58.6787927532978,59.14638261438733,58.12488232534305,58.355079650878906,3285600
2018-08-07,58.355063255745,58.39822352705153,57.549370098564275,58.182411193847656,2629400
2018-08-08,57.99539278378004,58.19681474645778,57.67886942052254,57.85871124267578,2429900
2018-08-09,57.880287383387824,58.17523058573882,57.750801060852154,58.13206481933594,1658000
2018-08-10,58.254363064244764,58.844243997248824,58.16084180801435,58.18961715698242,3467100
2018-08-13,58.21119933304149,58.35507608291517,57.92345132163096,58.225589752197266,4051000
2018-08-14,58.24716396503451,58.65000784701149,58.1104824386482,58.427005767822266,2379000
2018-08-15,58.58526866298157,59.31182560990321,58.49174741103232,58.88740158081055,3683400
2018-08-16,58.87139596796102,59.54807332039156,58.60945384064111,59.511695861816406,3104900
2018-08-17,59.40254766058562,60.18837398006597,59.3588924932592,59.868221282958984,3090200
2018-08-20,59.940982047985926,60.07923081357365,59.387998088169994,59.526241302490234,2643600
2018-08-21,59.45349241858249,59.50442530772905,58.81319244770168,59.14061737060547,2623400
2018-08-22,59.22791974766609,59.518967141150085,58.60216979461907,58.81317901611328,3050000
2018-08-23,58.74041805497075,59.264296697256654,58.69675733799649,58.84955596923828,1828100
2018-08-24,58.987806740875,59.29340401378148,58.68948717959033,59.235198974609375,2296600
2018-08-27,59.24249147093896,59.36618485463224,58.42756513011793,58.63856887817383,2559200
2018-08-28,58.52941653109484,58.66038759670404,58.32568499598453,58.46392822265625,2307900
2018-08-29,58.56579712688335,58.77680638562542,58.34751570668928,58.74042892456055,2322700
2018-08-30,58.90775856133899,59.26428865250648,58.67492179039561,59.169700622558594,2738700
2018-08-31,59.15517577468136,59.51898373011908,58.84230071095416,59.111515045166016,3837400
2018-09-04,59.213379744332386,59.577187693108435,59.1115139627766,59.24248504638672,2887100
2018-09-05,59.30796638934958,60.61039935895704,59.30796638934958,60.53036117553711,4884700
2018-09-06,60.11562793419326,60.952381782044085,60.11562793419326,60.734100341796875,3213600
2018-09-07,60.26114944359545,60.530369328749764,59.62084944125812,60.00648498535156,3113000
2018-09-10,60.18838942952133,60.55947510085041,59.853686774481545,59.89006423950195,4512800
2018-09-11,59.984640064061075,60.246582160073615,59.13332547638671,59.21336364746094,4085500
2018-09-12,59.10421131706425,59.30066506552187,58.65308769479719,58.85681915283203,4646300
2018-09-13,58.87141266074126,59.817310120919764,58.60947045914856,59.77365493774414,4725200
2018-09-14,59.657229687839,59.66450740163357,58.965996761620396,59.44622039794922,3102700
2018-09-17,59.4971411695439,59.76636101239902,59.126061110664104,59.72270584106445,3052100
2018-09-18,59.98464842050587,60.028303592167134,59.41710898383735,59.606285095214844,4191000
2018-09-19,59.58446828461972,59.63540117785789,57.932782559951356,58.274757385253906,4469600
2018-09-20,58.209265143216754,58.74769929143643,57.678103156226925,58.6603889465332,4074900
2018-09-21,58.573052576010305,58.87864977888561,57.13964903470536,58.07827377319336,15566200
2018-09-24,57.99826325751661,58.18744494761587,57.79453169184147,57.92550277709961,3633700
2018-09-25,57.918216192257276,57.99097666152945,57.1542229379975,57.34339904785156,4748700
2018-09-26,57.33613118141289,57.66355609329649,56.7831415812419,56.81951904296875,5169800
2018-09-27,56.75402770937246,57.71448026394191,56.75402770937246,57.43798828125,3256000
2018-09-28,57.57623073279174,58.25291358393458,57.554403149088344,58.22380828857422,4540900
2018-10-01,58.14380104700534,58.209283826700826,57.61991660436185,57.881858825683594,2727200
2018-10-02,58.158343242653544,58.75498810100931,58.14379336617767,58.51487350463867,2509500
2018-10-03,58.45665738908103,58.653116786246734,57.13239670376663,57.619903564453125,4127400
2018-10-04,57.561685020375144,58.231090208234825,57.16149411933518,58.16560745239258,3620300
2018-10-05,58.136504444458296,59.46076499923176,58.08557155970809,59.227928161621094,4824800
2018-10-08,59.30067242979778,60.3557128476127,59.19152897764913,59.7663459777832,4450200
2018-10-09,59.8609396415723,60.16654244659746,59.52623709441817,59.84638977050781,4204200
2018-10-10,59.81001195648877,60.6176658767029,59.54079768392912,59.57717514038086,5042100
2018-10-11,59.77363461353912,59.962816261757155,57.96914512182559,58.19470977783203,6074700
2018-10-12,58.04189282966931,58.289285015469815,57.48890898144016,58.201969146728516,5821700
2018-10-15,58.15106103878344,58.82774404368093,57.99826236687352,58.30385971069336,3018400
2018-10-16,58.24565275645023,59.23521078617172,58.02736577440898,58.89323043823242,3333200
2018-10-17,58.80590281275198,58.98780674443598,58.34750690336459,58.7695198059082,2670600
2018-10-18,59.2934051828716,59.47530911813122,58.871392272032615,59.12605667114258,4274200
2018-10-19,59.11878516666839,60.69771015819998,59.104235292877654,60.210208892822266,4395800
2018-10-22,60.40664942200049,60.54489817328263,59.90459839336229,60.130157470703125,4275800
2018-10-23,60.37029092291627,61.1415619853291,59.817301295445674,59.882789611816406,4882800
2018-10-24,60.13016609005235,61.90555032463003,59.86822397179441,61.665435791015625,4890200
2018-10-25,61.48353044122967,61.519913448980034,60.69043194393349,60.85778045654297,6787900
2018-10-26,61.1342809663922,61.58540478957565,59.24248087617847,59.5844612121582,5326900
2018-10-29,59.729963612846205,60.84322017510015,59.57716499871722,60.72679901123047,4157900
2018-10-30,60.9741975027872,61.287072473899705,60.12288292009777,60.99602508544922,2996000
2018-10-31,60.55218283140218,60.64677087924021,59.69359603529506,60.122886657714844,4084000
2018-11-01,60.07921480849123,60.12286996440816,58.90775334708133,59.41708755493164,6994300
2018-11-02,60.690442303523,60.996039636226875,58.85684720476271,60.09379196166992,7038400
2018-11-05,60.45032098183778,61.00330498364473,60.159273556468484,60.81412887573242,3057700
2018-11-06,60.87232022817383,61.447131633702895,60.71224391726045,61.35982131958008,2642900
2018-11-07,61.665438033100585,61.68726561853776,60.821401054410615,61.62905502319336,2981500
2018-11-08,61.65814081160996,61.861872279584745,60.63220576180377,61.35982131958008,3002400
2018-11-09,61.483544516063006,62.40761428102424,61.301640538204836,62.269371032714844,4432500
2018-11-12,62.02924528042199,63.273467598780364,61.99286227089407,62.516746520996094,3250900
2018-11-13,62.50220687118449,63.0260912069762,62.06563844178098,62.82963180541992,2833200
2018-11-14,62.50220402072388,63.266197349520326,62.32030005416256,62.88056182861328,3860600
2018-11-15,62.40099222770369,63.467490675191634,61.8125845156822,63.35716247558594,4481100
2018-11-16,63.577834588195685,64.06327093030191,63.1732996268349,63.754356384277344,3351200
2018-11-19,63.68080614168944,64.51193497645161,63.62196367245139,64.46044921875,4114400
2018-11-20,64.7767326604456,65.62993179029655,64.57814630382322,65.10771179199219,6879300
2018-11-21,64.762009063145,64.85762386169407,63.3424668380051,63.585182189941406,3640300
2018-11-23,63.710220929685114,63.98235750220272,63.40130080320733,63.80583572387695,1448300
2018-11-26,63.76903847090074,64.21035120036605,63.44541624389049,63.9749870300293,2169100
2018-11-27,64.00443423353556,64.72524051746109,63.64403389733641,64.60020446777344,2383400
2018-11-28,64.50455764252375,64.63695035021946,63.92350668202447,64.4310073852539,2950200
2018-11-29,64.43836409443837,64.76934305791517,63.73227152390291,64.4310073852539,2940100
2018-11-30,64.57077023267598,65.26215514017359,64.14417079564443,65.14447021484375,4829300
2018-12-03,64.72520619242572,65.92409151425034,64.13679298243034,65.91674041748047,3904800
2018-12-04,66.01972490676947,66.711104111603,65.92410451466218,66.23302459716797,5598100
2018-12-06,66.5640134045648,66.6669849100807,64.99001397850603,66.07122039794922,4758300
2018-12-07,66.15946732297304,66.60078011392253,65.62254536498988,66.18888854980469,4985100
2018-12-10,66.31392901116624,66.68168592286563,65.31362976242188,66.57135772705078,3904000
2018-12-11,66.56399830017192,66.91704739006148,66.00500624598217,66.77729797363281,4707000
2018-12-12,66.77730183462629,67.11563752575665,65.8431961205808,65.90203857421875,5225800
2018-12-13,66.03443773526048,67.11564407742031,66.03443773526048,66.85821533203125,4180900
2018-12-14,66.93176513335594,67.18919387694831,66.32864395771419,66.74788665771484,3651900
2018-12-17,66.93175246913859,67.1524088427676,64.46042577520225,64.7914047241211,5527300
2018-12-18,65.0414789021928,65.62989212658526,64.1662157740782,64.47513580322266,4224100
2018-12-19,64.6149125504384,64.9606050752172,63.7911403499721,64.15889739990234,4832800
2018-12-20,64.28392252378713,65.54165074738948,63.526344027540645,64.82820129394531,4622300
2018-12-21,64.62224759675371,66.38012525713418,64.36481887041616,64.48249816894531,6798600
2018-12-24,64.47516135601842,65.01208344540944,61.23889856231295,61.716983795166016,2752700
2018-12-26,61.78318683702575,62.717287311799176,60.87850198926865,62.702579498291016,2616900
2018-12-27,62.80551934530094,63.224761962890625,61.731669932027785,63.224761962890625,3081700
2018-12-28,63.342464447021484,64.12210745129228,63.08503007102155,63.342464447021484,2447500
2018-12-31,63.50426913427065,63.69550432462262,62.74669069481299,63.474853515625,2240100
2019-01-02,63.33509660721998,63.393939060624795,62.00381836520605,62.29801940917969,2857400
2019-01-03,62.342173457246,62.96000257570285,61.82731024700498,62.27597427368164,2959700
2019-01-04,61.90085372712899,62.84966173852689,61.82729784647106,62.79082489013672,3278100
2019-01-07,62.40835039676646,62.80552855771933,62.025885655585256,62.52603530883789,3060200
2019-01-08,62.54811027998543,63.379239067167305,62.150932052656295,63.313045501708984,2350500
2019-01-09,62.48929173331324,63.25422724783325,62.0332708655623,62.378963470458984,3264400
2019-01-10,62.55545774283423,62.952630299918546,62.24653764845393,62.71726608276367,3758000
2019-01-11,62.673137808016655,62.673137808016655,61.93762391902006,62.23183059692383,3082400
2019-01-14,62.01852873057644,62.01852873057644,60.65047249588152,61.5330924987793,3931000
2019-01-15,61.48896240374042,62.85701873972523,61.29037611501237,62.62165451049805,2722900
2019-01-16,62.312736815651704,62.79817305849118,62.03323794985646,62.71726608276367,2279100
2019-01-17,62.73199685227171,63.08504046988062,62.45985462123921,62.98942565917969,1895700
2019-01-18,63.21007676964297,63.26891362657129,62.67314906516297,62.959999084472656,2842600
2019-01-22,62.52605412020821,63.629325250939544,62.4083691727305,62.96736145019531,2693600
2019-01-23,62.879067951311924,63.36450971239399,62.731967448179205,63.349796295166016,2629400
2019-01-24,63.423375173279425,63.82054779816834,62.78347596824456,63.76906204223633,2504400
2019-01-25,63.5042715706308,63.98235675908967,62.982057340984554,63.14387130737305,2472900
2019-01-28,63.26890551294976,63.46749741563615,62.61429856703344,62.996768951416016,2079100
2019-01-29,63.21741606771917,63.371878921459015,62.724623112341504,62.982051849365234,3625500
2019-01-30,62.78347484226336,63.65138157778513,62.70992456532621,63.29098129272461,2215100
2019-01-31,63.32037267216302,65.07825560365849,62.901130081448635,64.56339263916016,6869400
2019-02-01,64.56339263916016,64.76198448353892,63.88672137195876,64.56339263916016,3207100
2019-02-04,64.10739818659495,64.60019118333892,63.607248479168305,64.59283447265625,3301800
2019-02-05,64.65903650700919,65.20331527956493,64.29127951796656,65.09298706054688,3464300
2019-02-06,65.05618851837191,65.30626610973283,64.58546017036556,65.06354522705078,2467400
2019-02-07,65.01942543386266,65.82848954620367,64.61489057192948,65.81378173828125,2844600
2019-02-08,65.7696448774611,66.62284360789883,65.68138680984696,66.41690063476562,3716600
2019-02-11,66.25507263765053,66.67431520443962,65.9755738521085,66.3212661743164,2428100
2019-02-12,66.41690322576056,66.74052550551252,65.93881809860778,66.36541748046875,2676900
2019-02-13,66.12267398230159,66.35068140337269,65.69607474611662,65.89466094970703,5281400
2019-02-14,65.79657801472732,65.85603635417034,64.84526726467614,65.2688980102539,3987400
2019-02-15,65.73712892443628,65.76685809834066,64.67433505596016,65.03851318359375,4472900
2019-02-19,65.13511969415734,65.50672581092924,64.83783366668796,65.35808563232422,4358600
2019-02-20,65.36553150143399,66.19049775930942,65.06081735110087,66.034423828125,3471200
2019-02-21,65.64050406435166,66.63641140317362,65.60334118467004,66.58438110351562,3167800
2019-02-22,66.66615550074197,67.10465380138052,66.4134659856623,66.82223510742188,2538500
2019-02-25,66.82222895560352,66.85195246148498,66.0864446041744,66.50264739990234,2551000
2019-02-26,66.61409545100709,66.80733217588785,65.54387393147395,66.05668640136719,3234500
2019-02-27,65.94524047767818,66.46548690322804,65.75200366093361,66.35400390625,2112500
2019-02-28,66.30197224806827,66.88167696670075,66.145898336918,66.63642120361328,4137300
2019-03-01,66.59182719033754,66.82222688071909,66.0938762635065,66.53980255126953,5613700
2019-03-04,66.75532058083593,66.85193612699524,66.1310250451742,66.79991149902344,3104400
2019-03-05,66.63642378829611,66.84452234456818,66.46548244835242,66.53980255126953,3513400
2019-03-06,66.6289850182869,66.85937902091595,66.41345276700876,66.56952667236328,3121400
2019-03-07,66.85939165252982,67.37221006005184,66.36144066942755,66.57697296142578,3531000
2019-03-08,66.82222365715633,67.06005137717428,66.36886367989395,67.03775024414062,2443800
2019-03-11,67.08234951440437,67.23842343030167,66.79992518731945,67.15666961669922,3720200
2019-03-12,67.23841352960285,67.53569956526795,66.97085666453023,67.26814270019531,4583700
2019-03-13,67.17894551803192,67.47623151090279,67.12692089454893,67.30529022216797,4510500
2019-03-14,67.23842343030167,67.6917834256387,66.9783002371395,67.15666961669922,3600300
2019-03-15,67.22355414148356,67.65461866119135,67.06748022991906,67.37220001220703,7614200
2019-03-18,67.5282726930608,67.56543557762942,66.68844480225485,66.93370056152344,3977000
2019-03-19,66.9485599746342,67.06004294474364,65.89319995415146,66.23507690429688,4656600
2019-03-20,66.3986002881212,67.00803996560013,66.14591076646907,66.42832946777344,3838800
2019-03-21,66.44319516454128,67.06749091021652,66.30198298243141,66.82223510742188,4461100
2019-03-22,67.00801791658529,68.13026431031,66.82221485759334,67.40934753417969,4174400
2019-03-25,67.55799359543316,67.72892923489668,67.22354468604297,67.46137237548828,3350900
2019-03-26,67.40935464719665,68.1302714993979,67.35733001199965,68.0262222290039,3342100
2019-03-27,68.07079457780094,68.1005237426951,67.06003132269117,67.24583435058594,3592200
2019-03-28,67.3945079605567,67.55801561351336,66.16077252116457,66.42832946777344,4565800
2019-03-29,66.3168206482951,66.95597786146682,66.00466724527068,66.88909149169922,5434800
2019-04-01,66.70331465065952,66.76277300508258,65.87091469951898,66.35400390625,4555500
2019-04-02,66.59183394981336,66.59183394981336,65.88578439504195,66.24252319335938,3386400
2019-04-03,66.14590682761698,66.28711900499088,65.56620203457175,66.034423828125,2998800
2019-04-04,66.16820099941529,66.53980721028049,65.35066846956401,66.4060287475586,4847600
2019-04-05,66.51006333255116,67.34989681244868,66.27966934722116,67.28300476074219,5433200
2019-04-08,67.26070803422398,67.34989554473403,66.6289787613246,66.97085571289062,3115500
2019-04-09,66.93367802721147,67.24583140982011,66.75530871590523,67.07489013671875,2475300
2019-04-10,67.25330698731113,67.69180537246191,66.66616834937898,66.84454345703125,3412300
2019-04-11,66.91882121968028,67.23096895506971,66.74045189520898,67.08232879638672,2424500
2019-04-12,66.66613210945161,67.23840867911909,66.30195971891901,67.22354125976562,3520900
2019-04-15,67.26070114505028,67.43907047754146,67.00801172987599,67.21611022949219,2808900
2019-04-16,66.99314359010758,67.37218337904808,66.04183293338212,66.2127685546875,3166400
2019-04-17,66.24250009007147,66.68099822830104,65.93035233284576,66.19047546386719,4518200
2019-04-18,66.38373268515163,66.62899414297958,66.10131400872778,66.24995422363281,2822400
2019-04-22,66.15334241626503,66.56210586565008,65.79659794182288,65.94524383544922,2615800
2019-04-23,66.01210817830336,66.37628057305037,65.61820661476449,66.1533203125,2336800
2019-04-24,66.35401238311576,66.8742645453897,66.05672624328228,66.65129852294922,1942400
2019-04-25,66.45803360057585,67.37962081168155,66.34655063646122,67.22354125976562,2506600
2019-04-26,67.40934885070654,67.87757619747691,67.09720106636595,67.1269302368164,1921400
2019-04-29,66.82223443200249,67.10465312310653,66.38373613579616,66.57697296142578,2370800
2019-04-30,66.6587029268489,67.79581666674672,66.46546617038148,67.72149658203125,3242700
2019-05-01,67.39450489254659,67.67692358099437,66.96344031260449,67.19384002685547,2323400
2019-05-02,67.21612166113749,67.49110658085831,66.60668780707374,66.74789428710938,2656600
2019-05-03,67.01544653348925,67.22354505411087,66.75532338271222,67.00801849365234,2988600
2019-05-06,67.02289380673655,67.2012631933282,66.36886894239346,66.50264739990234,2659600
2019-05-07,66.5175112378859,66.62156052251424,66.01956027998442,66.33914184570312,2546200
2019-05-08,66.25737907112983,66.36886205252408,65.19458523298997,65.25404357910156,2832400
2019-05-09,65.90807627508113,65.90807627508113,64.41421775397305,64.53313446044922,3165000
2019-05-10,64.37705870595894,65.45471439402843,64.2507082913544,65.39525604248047,2965400
2019-05-13,65.17972099413997,65.52160366584621,64.51083441363187,65.43984985351562,4046600
2019-05-14,64.89731759169658,65.12028361776677,64.33247448384394,64.66692352294922,4955500
2019-05-15,64.8155505466143,65.07567374382545,64.48853528711435,64.50340270996094,3653200
2019-05-16,64.54697819890104,65.14046252104208,64.39673147016333,64.7873764038086,4151900
2019-05-17,64.38168520877149,65.68885545278069,64.36666283275073,65.50855255126953,4428300
2019-05-20,65.5912045841075,65.80906634005552,65.10289987863415,65.3282699584961,3100200
2019-05-21,65.50107157453938,66.13211479864641,65.26067333703965,65.4184341430664,2728300
2019-05-22,65.64379178502833,66.10956578917187,65.47100862956273,65.96682739257812,2225700
2019-05-23,66.19971248621587,66.85329197812594,66.06448815486473,66.78568267822266,3862000
2019-05-24,66.78568601871656,67.19886735684052,66.5978747564207,66.71807098388672,1987700
2019-05-28,66.71807131123464,66.7481218011348,65.30573267519638,65.44847106933594,3837700
2019-05-29,65.65881512884408,65.7940394601294,64.40423733564094,64.4643325805664,2319000
2019-05-30,64.52444651963663,64.81743167435646,64.11125938782881,64.25399780273438,2319200
2019-05-31,64.26901404675121,64.67468131564219,63.45015399081314,64.3140869140625,3182500
2019-06-03,64.63711367937103,64.71223702514916,64.05114355814007,64.62208557128906,3061800
2019-06-04,64.59205288476451,64.72727722504422,63.31493284177957,64.53195190429688,2498700
2019-06-05,64.7272646820199,65.86164037791309,64.23895434055012,65.5235824584961,2819200
2019-06-06,65.5987156421145,66.109562490622,65.32826697340201,65.8917007446289,2985500
2019-06-07,66.07948760634487,66.5602837884336,65.32072880304692,65.38834381103516,3243300
2019-06-10,65.30572459954938,65.33577508573352,64.64463109813072,64.8249282836914,3028400
2019-06-11,64.6371156398842,64.97517357191144,63.90840712749154,64.33661651611328,2841300
2019-06-12,64.69721616071573,65.2606498645362,64.69721616071573,65.09537506103516,2893800
2019-06-13,65.32075595685751,65.68887016456176,64.847473630367,65.18553161621094,3753100
2019-06-14,65.19304933944956,66.23727957759027,65.1705129033314,66.01190948486328,3237600
2019-06-17,66.16966411901957,66.5527949605085,65.74896300158353,66.0719985961914,2448600
2019-06-18,66.38002428595243,66.48519815218928,64.8474834373707,65.53862762451172,2532600
2019-06-19,65.28320765238514,66.1997276941438,65.11793279481608,65.84664154052734,2683200
2019-06-20,66.21473083744512,66.74060002096968,65.86915884090837,66.54528045654297,2428300
2019-06-21,66.59034938752514,67.31154382442631,66.08701666565825,67.25895690917969,6867500
2019-06-24,67.32658708846174,67.7097179579867,67.026087905888,67.54444885253906,3305700
2019-06-25,67.54442585692901,68.12288185792238,67.44676036020445,67.70218658447266,3996800
2019-06-26,67.49182284461885,67.56695190179815,66.05694841086348,66.09451293945312,3437000
2019-06-27,66.16215829998741,66.65046878028097,65.93678246860716,66.52275848388672,2726700
2019-06-28,66.47766720352338,66.96597759071182,66.06448590016733,66.28985595703125,3875700
2019-07-01,66.1170654296875,66.28984854748258,65.53860364548444,66.1170654296875,2848000
2019-07-02,66.23727194436624,67.19886465156226,66.22976362088899,66.96598052978516,2039000
2019-07-03,67.0110503038871,68.06279442816803,67.0110503038871,67.68717193603516,1717600
2019-07-05,67.17632539425448,67.43925999352197,66.26731964733294,67.37165069580078,1744000
2019-07-08,67.53691031073764,67.65710650126191,66.90586168297014,67.35661315917969,2046900
2019-07-09,67.79986543164921,67.81488781069615,66.76314933106434,67.16130828857422,2598000
2019-07-10,67.46179955602877,67.71722009074011,67.08617707683382,67.3340835571289,2401700
2019-07-11,67.22891828780149,67.63459130480828,66.56782470353761,67.19886779785156,2379100
2019-07-12,67.30402926960953,67.30402926960953,66.44010220149197,66.63542175292969,2101400
2019-07-15,66.71806894565665,67.25896628159154,66.52274936554825,67.14627838134766,1847700
2019-07-16,66.94343990154259,67.25896141415588,66.38752022719382,66.88333892822266,1727100
2019-07-17,67.1162272409553,67.37916758281999,66.77816927505016,66.96598052978516,2102700
2019-07-18,67.01857638214132,67.49937279980594,66.60539500559429,67.45429992675781,1911700
2019-07-19,67.34159994267307,67.476824269126,66.43259419934006,66.44761657714844,2408000
2019-07-22,66.56030986987011,66.62792490435307,65.98936203058726,66.22225189208984,2160300
2019-07-23,66.24477834988467,66.28985121172208,65.63627178890385,65.86915588378906,3141800
2019-07-24,66.0719863215745,66.09452848295496,65.20805927626574,65.4935302734375,2386500
2019-07-25,65.28319479558985,65.65130325851506,64.73478339725474,64.97518157958984,2680300
2019-07-26,64.98269722567802,65.41842073293543,64.80990834123287,65.29071044921875,2426000
2019-07-29,65.53110213062428,66.01940678241372,65.37333564105721,65.95179748535156,2442900
2019-07-30,65.81656294838783,66.24477229131217,65.29069383656616,65.91422271728516,2693400
2019-07-31,65.82408609437884,65.98184684971743,64.83995128982262,65.14796447753906,2824800
2019-08-01,65.20807089613352,66.12458501822914,64.89254362756186,65.73394012451172,3055000
2019-08-02,65.98936123598759,66.65797459130096,65.77150521922482,66.19971466064453,3228900
2019-08-05,66.47016566335847,66.74812266834269,65.0052343523035,65.3282699584961,3969200
2019-08-06,65.58369919766817,67.18384918938355,64.83996242564059,66.80071258544922,3943300
2019-08-07,66.79320850709261,67.23644039093006,65.98937070069383,66.74061584472656,2630100
2019-08-08,66.42507382150724,67.25144207936931,66.3649728529061,67.09368133544922,2252100
2019-08-09,67.22890719623321,67.74726803214574,67.07114644868243,67.42423248291016,2355200
2019-08-12,67.57446226027831,67.61202679000087,66.83824562267323,67.23640441894531,2302000
2019-08-13,67.34158996360492,67.63457500557932,66.71054702136577,67.47681427001953,2400900
2019-08-14,67.73225638552024,68.03274981995773,66.5978747564207,66.71807098388672,3584600
2019-08-15,66.58517995250095,68.0203030676354,66.49405890958278,67.7925033569336,2384800
2019-08-16,67.88365004057928,68.44554886784458,67.75456619257865,68.16459655761719,2285500
2019-08-19,68.11140807482433,69.18965331105493,67.85324051516011,68.84795379638672,2632000
2019-08-20,69.121322006583,69.50857920042193,68.84796466895403,69.23522186279297,3611300
2019-08-21,68.69612226188039,69.31876842668954,68.40757510218582,69.28079986572266,2754400
2019-08-22,69.31876628637929,69.94141243196339,68.71889895939637,69.34154510498047,1945500
2019-08-23,69.44025058866723,69.60730297144734,68.53665801673881,68.90113067626953,3153900
2019-08-26,69.04541141851644,69.39470016736678,68.77205399886155,69.36432647705078,2037100
2019-08-27,69.68322415081451,70.49570133620375,69.59970376476878,69.97177124023438,3668000
2019-08-28,70.16921192664681,70.73111069161138,69.78195463239274,70.08568572998047,2639200
2019-08-29,70.4349594116211,70.46533309420745,69.50098749995016,70.4349594116211,2231400
2019-08-30,70.61720297702699,70.8829654855072,70.32106678283645,70.4197769165039,2157900
2019-09-03,70.23752996738591,71.16390696521708,70.10844616754054,71.12593841552734,2620200
2019-09-04,71.30059963214175,71.51320964849658,70.7918534082658,71.35375213623047,2102600
2019-09-05,70.99687191569426,71.26263444871954,70.47293592688104,70.92853546142578,2721200
2019-09-06,71.09558947365316,71.59674669664692,70.89816916749442,71.19430541992188,2578000
2019-09-09,71.04243803172871,71.25504808352675,70.67796531241474,71.16393280029297,2935100
2019-09-10,70.8146296887129,71.78656446762814,70.79943994912395,71.33097076416016,3179600
2019-09-11,71.03484239752429,71.78657238077021,70.80704262408545,71.74860382080078,2756500
2019-09-12,72.2573371573471,72.66736737421581,71.88526390423723,72.10546875,2339400
2019-09-13,71.74859698490498,72.13585424557924,71.1183618190562,71.30059814453125,3322200
2019-09-16,71.24744816587696,71.36134804578,70.41978111222411,70.70832824707031,2934600
2019-09-17,70.86778070995193,71.52838953855968,70.73869689208468,71.27781677246094,2615600
2019-09-18,71.59672290469265,71.89285905871257,71.01203967215982,71.57394409179688,3066500
2019-09-19,71.79416725140187,71.80175632884465,71.19429992165591,71.74860382080078,2049900
2019-09-20,72.29530083328311,72.46994805565548,71.55875497955228,72.34085845947266,5069100
2019-09-23,72.35604901755944,72.6825588597248,72.1965915309002,72.4395751953125,2089100
2019-09-24,72.63700285490035,73.50263254077163,72.55347667528227,73.10778045654297,3166100
2019-09-25,73.0318584422912,73.3735522800871,72.69775368129012,72.89517974853516,2383600
2019-09-26,72.90276746089854,73.35836113095887,72.80405154037379,73.04703521728516,1986100
2019-09-27,73.11539203928366,73.24447587613294,72.6446085368352,73.09261322021484,1960700
2019-09-30,73.08501561773502,73.26725195666302,72.58385844419709,72.78887939453125,2501700
2019-10-01,72.56867573562477,73.04704830592517,72.32569201517535,73.03945922851562,2009200
2019-10-02,73.05464433738544,73.16094935469698,71.83972571583293,71.91565704345703,3044000
2019-10-03,72.13586066591378,72.59904928732897,71.95362432421909,72.2117919921875,3015800
2019-10-04,72.48513996692358,73.93545302069622,72.37124009574336,73.78358459472656,3129600
2019-10-07,73.46467380480559,73.84433620172963,73.19891128559642,73.59375762939453,2311700
2019-10-08,73.62411549075848,73.70004679518411,72.88756967213688,72.9635009765625,2470800
2019-10-09,73.1077846752631,73.32039467449147,72.87239586085857,72.91795349121094,2608800
2019-10-10,72.79646433557487,73.24446314791355,72.5231069678744,73.1153793334961,2382200
2019-10-11,73.11538972354585,73.35077857072027,72.47755384387587,72.87240600585938,2320000
2019-10-14,73.01666742877109,73.01666742877109,72.01435324277443,72.23455810546875,2483600
2019-10-15,72.24216927852677,72.4927478815772,71.87769657698901,72.1358642578125,1904600
2019-10-16,71.93083285379588,72.2497478439651,71.68784917654489,72.23455810546875,2617100
2019-10-17,72.21938834582471,72.59905077817868,72.09030450918972,72.26494598388672,2051700
2019-10-18,72.09788027966356,72.5838476399267,71.75618647088687,72.401611328125,3041900
2019-10-21,72.25734501761139,72.43958133306447,71.87768264772446,72.38642883300781,1550200
2019-10-22,72.5155086333739,72.5990348135794,72.19659365069164,72.37882995605469,1743700
2019-10-23,72.53828650841228,73.03184871418641,72.3408604674651,73.02425384521484,2199800
2019-10-24,72.93314979314655,73.27484363791324,72.86480754828013,72.94833374023438,1763400
2019-10-25,73.10019423309234,73.16853647594799,72.12825943879044,72.46236419677734,1818100
2019-10-28,72.15862582096928,72.32567818305277,71.28540125119775,71.45245361328125,2761600
2019-10-29,71.21707940625954,71.33097929404396,70.86779066539258,71.0196533203125,2675100
2019-10-30,71.11075976925837,71.65747448367132,70.943707407278,71.38411712646484,1831300
2019-10-31,71.30058675067274,71.71062276235895,71.05760309113877,71.57394409179688,2454100
2019-11-01,71.60432037848076,71.79415155043519,71.20946829663052,71.6650619506836,2647200
2019-11-04,71.63468964728317,71.69543701384328,70.6627549550724,71.10316467285156,3105900
2019-11-05,70.64757580335575,71.05761186567518,70.16160842427823,70.7311019897461,2626800
2019-11-06,70.76905398317811,71.1411272270972,70.65515992196538,70.89054870605469,2186900
2019-11-07,70.61720144122869,70.84500118250789,69.66804550787884,70.29828643798828,4125000
2019-11-08,69.63008027187747,69.69082764487226,67.74695805454606,68.30126190185547,6146200
2019-11-11,68.3240422821237,68.33922622783828,66.41813557301025,66.516845703125,4871000
2019-11-12,66.66870246141364,66.90409123452642,66.23588766942633,66.50923919677734,3843000
2019-11-13,66.82058125076915,67.34451720757842,66.29664529395988,67.2230224609375,5441900
2019-11-14,67.31129192809439,68.17091375772733,67.1731385243265,67.73342895507812,3905700
2019-11-15,68.03274350722558,68.09414630607179,67.61060658477427,67.9866943359375,3567000
2019-11-18,68.23231518926683,68.86167938130299,67.86390416811892,68.04043579101562,4274200
2019-11-19,66.80471203051515,67.12706791786131,66.40559972225466,66.79703521728516,16085000
2019-11-20,66.75867162057517,67.24220551502911,66.40560843399079,66.87379455566406,6414900
2019-11-21,67.188497856407,67.20384563337468,66.33655277016942,66.5130844116211,7570900
2019-11-22,66.96588947499013,67.03496322646679,66.28279949493276,66.88146209716797,5763100
2019-11-25,66.92751184156012,67.28824593978293,66.56678359903009,67.2345199584961,6254300
2019-11-26,67.14243018764822,67.86389262043683,67.11939974499353,67.69503784179688,6569900
2019-11-27,67.64131884635499,68.14020641963116,67.556891448307,67.97135162353516,3229500
2019-11-29,68.15554438753637,68.25531953698565,67.41105160621223,67.67200469970703,1325600
2019-12-02,67.44177416579713,67.6720259342436,66.96591114189634,66.99661254882812,4202000
2019-12-03,67.15777528732669,67.4954848311648,66.88914535731604,67.43408203125,3954400
2019-12-04,67.42640762512893,68.40115807758148,67.42640762512893,68.27067565917969,3503600
2019-12-05,68.20160633593748,68.57001146116475,68.00205014395128,68.5316390991211,3055400
2019-12-06,68.47023516595891,69.03052551495726,68.31673400892325,68.89237213134766,2964700
2019-12-09,68.9460932342916,68.96911782064535,68.46255349808919,68.52395629882812,3798500
2019-12-10,68.50092086060596,68.65442198244237,68.178564991334,68.34741973876953,3208900
2019-12-11,68.44722017544201,68.58537357842309,68.0557845577132,68.30906677246094,4994400
2019-12-12,68.29369783244564,68.91538502535032,68.23229503777306,68.73885345458984,5842000
2019-12-13,68.55466520834868,69.40661013091594,68.43953640827586,69.15332794189453,5092800
2019-12-16,69.65220815288804,69.68290955337969,68.65443313183653,69.45265197753906,4597500
2019-12-17,69.38358945515287,70.22785761047876,69.1686854726002,69.49871826171875,2969500
2019-12-18,69.6138506964371,69.76735774466943,69.27614690171625,69.5447769165039,4003000
2019-12-19,69.48335427838047,69.65220905542579,68.6160616621036,69.03819274902344,4867400
2019-12-20,69.24543625817789,69.77502525649216,68.88470206255481,69.55244445800781,6715300
2019-12-23,69.55243795829902,69.75198829220018,68.77724364370196,69.19170379638672,5060700
2019-12-24,69.16100095743684,69.46800912220107,68.86934642154236,69.25310516357422,804500
2019-12-26,69.07657653475412,69.4833598818811,69.0381983166239,69.37590789794922,2314000
2019-12-27,69.42965500590167,69.83643847674571,69.24545238538083,69.82109069824219,2596200
2019-12-30,69.53707692120518,69.87478645905163,69.42962495110734,69.68290710449219,2237700
2019-12-31,69.7596741434269,70.02830413208729,69.55244696808734,70.00527954101562,2540700
2020-01-02,70.05899269912315,70.44275142850546,69.09959587566739,69.3375244140625,3921800
2020-01-03,69.25310649940653,69.897818387723,69.19170369413054,69.38358306884766,2825400
2020-01-06,69.38357925989298,69.87478996374728,69.30682868535828,69.72128295898438,2410300
2020-01-07,69.759676512417,69.759676512417,68.95378066337359,69.2838134765625,3980900
2020-01-08,69.42963224495774,69.74431723022684,69.04587349552351,69.38358306884766,2583300
2020-01-09,69.29148543865935,69.67524422452317,69.13798426659157,69.55244445800781,2377200
2020-01-10,69.75197980006166,70.02061557691191,69.36055013881544,69.41427612304688,3225000
2020-01-13,69.46032852722162,70.26622418390319,69.46032852722162,70.02828979492188,2979000
2020-01-14,69.96689647068125,70.18180042873281,69.46033212182229,70.07434844970703,3009800
2020-01-15,70.25855448488414,71.05677340838334,70.12040109705363,70.9876937866211,2357300
2020-01-16,71.20258799840076,71.70147548918678,71.12583742805518,71.51727294921875,3244200
2020-01-17,71.48657067719435,72.08523331655151,71.36377093727926,71.93173217773438,3053500
2020-01-21,72.14665114334271,72.80671671800332,71.79359376596287,72.75299072265625,3429000
2020-01-22,72.91416342578154,73.3746727604898,72.81438825756447,73.15209197998047,3638500
2020-01-23,73.12906381908259,73.80448294230663,73.08301464456954,73.74308013916016,3824900
2020-01-24,73.62793840142334,74.14985042501509,73.535834212898,73.89656829833984,2218600
2020-01-27,73.78145506901546,74.18824426225831,73.46677593939394,73.75843048095703,2481100
2020-01-28,73.91193698022859,74.51827064719711,73.70470397775611,73.84285736083984,3696500
2020-01-29,73.95030082671396,74.51826206702036,73.80447650158378,74.25730895996094,2335700
2020-01-30,74.08079133763769,74.87133933279428,73.99636979438986,74.8099365234375,3273100
2020-01-31,74.73318890303136,75.25510109187131,74.42618069976767,74.9327392578125,3175200
2020-02-03,74.93273090953636,75.12461028323703,74.68712554542725,74.96343231201172,2666200
2020-02-04,74.87134957016588,75.23207794914843,74.10383191534386,74.14220428466797,2802600
2020-02-05,74.00402715373366,74.72549539185285,73.91192881231801,74.556640625,2319300
2020-02-06,74.45687246937216,74.74852700409447,74.30336545976014,74.39546966552734,1611100
2020-02-07,74.64106271121604,74.67176410807343,73.8274961894193,73.8888931274414,2747900
2020-02-10,73.95797522461886,73.99635343590607,73.45908775634966,73.85820007324219,2647800
2020-02-11,73.96567116915146,74.63340771499213,73.90426835748733,74.4415283203125,2993100
2020-02-12,74.43384912220176,75.40091694825092,74.39547090523583,75.15531158447266,4377700
2020-02-13,75.80242049973008,77.80191327725032,75.60867133708871,77.58491516113281,5132500
2020-02-14,77.62369877360283,78.87143844624724,77.56944330986069,78.49169158935547,6300400
2020-02-18,78.77841765686887,79.39066577431605,78.68541592201102,79.0651626586914,6256900
2020-02-19,79.22016606503827,79.3441624662323,78.5614200322583,78.60016632080078,2809100
2020-02-20,78.40642459209651,78.92567102741353,78.28242817911702,78.60792541503906,2711000
2020-02-21,78.53042404789176,79.81691561022551,78.50717509085503,79.38291931152344,3520000
2020-02-24,79.11167291867226,80.4369167062451,78.83267360415627,79.28217315673828,5282900
2020-02-25,79.44492332304529,79.57667135948539,76.7401802440923,76.93392944335938,4093000
2020-02-26,76.94942454760184,77.87941824056871,76.58517514548384,76.67817687988281,3152200
2020-02-27,76.01944798039183,76.95719949303226,73.5937096557074,73.61695861816406,4784000
2020-02-28,72.30719147641659,72.30719147641659,69.27695166696242,71.06719207763672,7908900
2020-03-02,71.02844196299537,75.12817482450144,70.94319186110592,74.9189224243164,6803600
2020-03-03,74.83370261343376,76.49994721652024,73.47745796881225,74.09745788574219,5060500
2020-03-04,74.93443638883343,78.80942007363804,74.85693198493264,78.7784194946289,4284200
2020-03-05,77.78642920524027,78.65442181766736,76.72468148438931,77.60042572021484,4327400
2020-03-06,75.52343575423212,77.11218155847921,74.07419552317653,76.76343536376953,5522600
2020-03-09,73.23718555367962,74.94217586813403,71.95843986146112,73.29918670654297,5616000
2020-03-10,74.12070512354347,74.88020470847572,70.84247145566762,73.66345977783203,6386600
2020-03-11,71.98945183479158,72.20644999141165,69.58696295216664,70.47821044921875,6268200
2020-03-12,66.26999124288994,66.92873747174319,58.89976854913057,62.37175750732422,7684400
2020-03-13,65.8824728145111,66.54121884387736,61.999737592226325,66.47146606445312,6156000
2020-03-16,61.457254688242394,65.60348679609197,58.899762629995095,59.34926223754883,7118500
2020-03-17,60.89925185234021,67.0759774860019,60.566002981491565,66.64972686767578,6712800
2020-03-18,62.78247334270296,64.30921752073542,59.80648346053343,61.44172668457031,6426500
2020-03-19,61.317741933007106,61.35648822092272,57.34975664214756,58.16350555419922,6361700
2020-03-20,58.783504524157664,58.89975522359758,52.77727948490923,53.00978088378906,8975700
2020-03-23,51.45204048570711,52.645536346261274,48.15055519991652,49.71604919433594,7060100
2020-03-24,51.93253929196194,55.730024945761,51.250538296634865,55.41227340698242,6516900
2020-03-25,55.1720230709792,60.87599988725976,54.397026285210174,57.90000915527344,6573700
2020-03-26,58.26426074532198,63.49548924272128,58.13251270593051,62.921993255615234,6163700
2020-03-27,60.473014459074925,64.85950028057633,60.411013280530675,62.147010803222656,5091300
2020-03-30,63.0459998802252,65.05324502926092,62.441503213126055,64.68124389648438,5300800
2020-03-31,63.836497080108465,65.06873931874733,62.39500236634709,62.68174743652344,5115500
2020-04-01,60.38774854885018,61.80599409575151,59.17875544670809,60.11650085449219,4600700
2020-04-02,59.23298471700115,61.968721507662465,59.08573348498399,61.526973724365234,3665500
2020-04-03,60.7055032008093,61.488245743057284,58.57426191522515,58.91525650024414,2907200
2020-04-06,60.93025112573774,63.53424087159479,60.76750250571623,62.96849060058594,3960100
2020-04-07,64.71223399736652,64.85948528417313,61.99974514717751,62.08499526977539,3522900
2020-04-08,62.38723853038765,67.0992202011852,62.02298911093946,66.26222229003906,6729500
2020-04-09,67.03720185295198,72.07467944883854,66.8977022368634,69.98993682861328,6536800
2020-04-13,69.43196744863396,69.77296796697104,66.98298038925536,67.70372772216797,3800500
2020-04-14,69.23821259228968,70.43170839654663,68.36246832020632,70.07521057128906,3812800
2020-04-15,68.58723524916196,69.32348004210064,67.50223825475922,67.8432388305664,3694300
2020-04-16,68.19970949243402,68.65695470659016,67.44796174857879,67.8819580078125,2335100
2020-04-17,69.22270536022234,70.2069485726252,67.86646112831143,69.82720184326172,4299100
2020-04-20,69.02118856111171,69.34669159500639,67.09920049201696,67.15345001220703,3144000
2020-04-21,66.06071823993142,66.9984635542576,65.39422059293005,66.2157211303711,3682900
2020-04-22,67.23099274047584,68.50973902990684,67.0217461427819,67.5409927368164,3089900
2020-04-23,67.79671268346438,68.33920799848674,65.79721981480111,65.96772003173828,3298100
2020-04-24,66.23897699300154,66.78147238422137,64.86722935515718,66.40947723388672,3723900
2020-04-27,66.8667228485938,67.95171954937048,66.78147272771272,67.23097229003906,2593100
2020-04-28,68.29271653630762,69.08321062892863,67.68046838712534,67.9129638671875,3135500
2020-04-29,68.61821668172992,68.78096529853937,66.99847031161556,67.13796997070312,2997600
2020-04-30,66.64971401937682,66.96746549410342,65.23922030803512,65.61122131347656,3536500
2020-05-01,64.99122756660334,65.06097443559261,63.61948001558831,64.04573059082031,3036700
2020-05-04,64.11547589231348,64.28597018975906,62.991727194515086,64.03797149658203,2947400
2020-05-05,64.19298044529224,65.01447508547894,64.17747719957788,64.4332275390625,2781000
2020-05-06,64.46422184531484,64.61147310149452,62.03073282745227,62.05398178100586,3581900
2020-05-07,62.689497475564295,63.12349383853469,62.03075130669652,62.23999786376953,3426400
2020-05-08,63.15447313971864,63.603972600027454,62.38722813867773,63.37922286987305,2875200
2020-05-11,63.12348129280259,63.75897837488637,62.25548873937449,63.28623580932617,3924200
2020-05-12,63.92947836548655,64.83622902992454,63.45672988891602,63.456729888916016,3524700
2020-05-13,63.20097390873645,63.62721848308239,62.48022684775563,63.46446990966797,3998300
2020-05-14,62.72356581756978,64.59743186782684,62.504034294293945,64.52687072753906,3649300
2020-05-15,63.88395552651335,64.12700743410566,62.85685305080114,63.65658187866211,5250700
2020-05-18,64.83264630531737,66.98876883616332,64.74640092554071,66.58106231689453,6747800
2020-05-19,66.15768346988891,66.15768346988891,65.271715194861,65.3030776977539,3020800
2020-05-20,65.82053649934143,65.9303022559968,65.18546233843743,65.3187484741211,2710900
2020-05-21,65.12274828717257,65.67941928429869,64.2995049738675,64.55823516845703,3108000
2020-05-22,64.44062774724706,65.32659599399132,64.2054119739522,65.25603485107422,2760600
2020-05-26,66.22040199924902,66.38505063699462,64.83264577723023,64.92672729492188,3910200
2020-05-27,65.953809042643,66.01652804084259,64.83262544802743,65.64019012451172,3606600
2020-05-28,66.52615908403666,67.5062144800354,66.39287298580886,67.29452514648438,3957600
2020-05-29,67.06717232039253,67.71793074024053,66.38505140035825,67.13773345947266,4017500
2020-06-01,67.30237823967519,68.66662000151166,66.82411658917002,68.55685424804688,2438800
2020-06-02,68.8547904932288,69.07432200488722,67.89825520804425,68.7371826171875,3446800
2020-06-03,69.25466290402404,70.28960156589925,68.99592674310881,69.9603042602539,2449600
2020-06-04,69.62315310137456,70.07789435939634,68.58821461389557,69.34089660644531,3640800
2020-06-05,70.09358528377054,71.78711843307231,69.8975741425865,70.16414642333984,3353300
2020-06-08,70.14063335283068,72.28891400917996,69.86621892293338,72.0615463256836,2771000
2020-06-09,71.34805379061045,71.40293666963952,69.72508181728226,70.81490325927734,3023400
2020-06-10,70.88548058943312,71.30885944190663,70.17199707749955,70.7129898071289,2721400
2020-06-11,69.6231702385145,69.81918140925156,67.69441505449007,68.27461242675781,4974100
2020-06-12,69.72509351288781,69.77213427943609,67.21615293387651,68.0080337524414,3935700
2020-06-15,66.67516979848205,68.54119424913077,66.09497832757228,68.18053436279297,4501000
2020-06-16,69.77996992114392,70.15631396394025,67.74929726323514,68.17267608642578,3865100
2020-06-17,68.21188716496174,68.49414372832517,67.02014188326098,67.59249114990234,4181800
2020-06-18,67.16125816244276,67.72576520649943,66.64378589482607,67.24749755859375,3480100
2020-06-19,68.0080233219363,68.15699370220626,64.37789916992188,64.37789916992188,8089900
2020-06-22,64.54253523052667,65.5069124814117,63.750648705961225,64.70718383789062,3878700
2020-06-23,65.263870893982,65.46772416508462,63.89179284261795,64.1740493774414,3771600
2020-06-24,63.570331542752804,63.774178812432126,62.58243376604026,63.092063903808594,3675900
2020-06-25,62.80980777126477,62.90389526829903,61.774869231028084,62.292335510253906,3984800
2020-06-26,62.213937032225665,62.66084220934104,60.82618073964177,61.884639739990234,5321500
2020-06-29,62.38642042529308,62.91957092285156,61.56317131022409,62.91957092285156,2953700
2020-06-30,62.79412799659162,63.09991088825305,61.88463938772059,62.63732147216797,4890000
2020-07-01,62.7000514667876,64.5895959582144,62.535402808497906,64.23677825927734,2835800
2020-07-02,64.79342901648903,65.01296049234898,63.85257812515089,64.16619110107422,2819700
2020-07-06,63.1155775397348,64.1818784587004,62.03359836392458,62.5745849609375,5997800
2020-07-07,62.09631247377816,63.64872297742538,62.057113843867135,63.3664665222168,4129600
2020-07-08,63.39783760146671,64.25244321974736,62.98229498107082,63.85258483886719,3434200
2020-07-09,63.7663483725471,63.7663483725471,62.02576841386349,62.51971435546875,3457400
2020-07-10,62.55892323423858,63.962363873150764,62.53540285186459,63.75851058959961,2545700
2020-07-13,63.625217034575655,64.26813333242488,63.476246654486175,63.83690643310547,2205100
2020-07-14,63.83691907969953,64.66016842084316,63.813398695401666,64.04861450195312,4218200
2020-07-15,64.66798917093686,64.79343317299663,62.97445027974657,63.06069564819336,4501700
2020-07-16,63.27238613479231,63.77417411545158,63.06069676055167,63.56248474121094,2874300
2020-07-17,64.04860705162415,64.78560492830174,63.86827415667338,64.60527801513672,4603000
2020-07-20,64.33085972877225,64.47198799145,63.46840591141628,63.58601379394531,3271400
2020-07-21,63.89964126185531,64.91105961436651,63.58602219427424,64.55039978027344,3892800
2020-07-22,64.29165882798902,66.25961249872138,63.91531477847361,65.97735595703125,3763300
2020-07-23,65.90677343526283,66.16550953500376,65.45203220812995,65.85189056396484,2373100
2020-07-24,66.13415647066833,66.56538336506425,64.77776275154149,64.91104888916016,2953100
2020-07-27,64.6836747148691,64.79344047220607,63.57816903939447,63.734981536865234,4198700
2020-07-28,63.7036215546091,66.62811044380933,63.67225905387566,66.33016967773438,4851400
2020-07-29,66.27528065170114,66.68298714164696,65.73428803233583,66.6202621459961,2501600
2020-07-30,66.1028025996659,66.3144980051977,65.45988622523379,66.30665588378906,2828600
2020-07-31,65.89893196810631,66.49480138492567,65.54610841105352,66.4399185180664,3292100
2020-08-03,66.38505613029865,66.44778113514033,65.16194844481439,65.71077728271484,2552200
2020-08-04,65.46772655400375,66.6202731162917,65.34227654204427,66.40074157714844,3234500
2020-08-05,66.4242485116093,66.53401425895927,65.29522255968429,65.47555541992188,2861400
2020-08-06,65.28738737938747,66.16551943330737,64.81696184334601,66.0243911743164,3036300
2020-08-07,65.69509945156912,67.96883004675536,65.60885406479481,67.9061050415039,4289500
2020-08-10,68.3608405192665,68.3765187769716,66.27527931919285,66.45561218261719,4323300
2020-08-11,66.63594411290286,66.71434737093787,65.44419903812918,65.60100555419922,4546200
2020-08-12,65.87541810080384,66.47129361237252,65.7264537092504,66.11063385009766,3397100
2020-08-13,65.85286970455707,66.01149761717977,65.03595562041761,65.62286376953125,3219200
2020-08-14,65.55941608287137,65.74976351951295,64.9804348138318,65.15492248535156,2016100
2020-08-17,65.26595226635216,65.91631148795136,64.76628802753756,65.5118179321289,3849500
2020-08-18,65.48804142812877,65.6466633062975,64.63940167274887,64.76630401611328,2606900
2020-08-19,64.94078566168416,65.1866574391935,64.60767608690777,64.76630401611328,2623100
2020-08-20,64.44904669726739,64.72663797722807,63.89385808630999,64.2745590209961,2715200
2020-08-21,64.40145786453677,64.5045675233705,63.671787599271255,64.24283599853516,3911100
2020-08-24,64.54421651432698,64.76629558630948,63.846271869775684,64.6156005859375,2679100
2020-08-25,64.63940102504715,64.63940102504715,63.79076127817083,64.12387084960938,2769200
2020-08-26,63.782819493013676,63.94144739855503,62.90245428312577,63.09280776977539,3367900
2020-08-27,63.19591137010036,63.74316705490524,62.83107626390907,63.09280776977539,2932800
2020-08-28,63.386254611138924,63.44177286164551,62.616925960522224,63.21969985961914,3190500
2020-08-31,63.21177835670106,64.66319209028136,63.14040032932985,63.71937561035156,3569300
2020-09-01,63.32282651539534,63.59249100966494,62.632814586515025,62.82316207885742,3194100
2020-09-02,62.84693722448042,64.9566430255442,62.64073001990781,64.6156005859375,3626200
2020-09-03,64.89318934324258,65.59113396070263,63.7193670696133,64.35386657714844,3134800
2020-09-04,64.41732791744458,64.8931995977761,63.394200476661595,64.21904754638672,2820200
2020-09-08,64.29041961959422,64.43318171557185,62.95797540748177,64.02869415283203,3252000
2020-09-09,65.36906942435844,66.53495894128203,64.91699043320814,65.50389862060547,4411100
2020-09-10,65.21044501939663,65.61493864346212,64.56801859667331,65.03595733642578,3591200
2020-09-11,65.0914713287924,66.15425712313072,64.83767272956824,65.85286712646484,3196800
2020-09-14,66.28909802901231,67.36774377924026,66.28909802901231,66.92359161376953,3438100
2020-09-15,67.36773695014946,68.10534013029842,66.56668260264577,66.9791030883789,2582500
2020-09-16,67.41533161249293,67.79603261817279,67.07428910464706,67.2884292602539,2904600
2020-09-17,66.82046936378694,67.24082268360713,66.33666488787136,67.09806060791016,3355800
2020-09-18,66.78079964926313,67.20908580433766,65.7497457657438,65.78939819335938,5035900
2020-09-21,65.07562420405954,65.48804473876953,64.37767338234514,65.48804473876953,3001600
2020-09-22,65.36112556401008,66.63011836248191,65.24215616548945,65.58319854736328,2703700
2020-09-23,65.74976359886853,65.9321781276514,64.42525234678584,64.46490478515625,2322700
2020-09-24,64.42526161440698,65.36114521928609,63.77490223142568,64.77423095703125,2582300
2020-09-25,64.46491305382291,65.50390025834754,64.20318151265609,65.40872955322266,3854600
2020-09-28,65.8052706921568,66.68563575854199,65.55940504243955,65.72595977783203,2424600
2020-09-29,65.88460205738629,66.14633360183218,65.06768788930069,65.36114501953125,2126100
2020-09-30,69.79468451039892,70.97643372429623,68.54948413106167,70.23883056640625,18804900
2020-10-01,69.81846953187693,71.66644367826495,69.47742711881406,71.42057800292969,6249600
2020-10-02,70.76228918499183,73.08613502751858,70.34193582952028,72.6340560913086,5925200
2020-10-05,72.15818790106574,73.08613849024567,71.30161533365222,72.76095581054688,3038400
2020-10-06,72.74510726319413,73.02269858682078,71.74577244710115,71.99163818359375,2993500
2020-10-07,72.65785300596956,73.07027347757523,71.93610961686444,72.4119873046875,2480000
2020-10-08,72.56268780360863,74.10134552336956,72.09474900077494,73.8792724609375,3253300
2020-10-09,73.8713200340487,74.48995370195928,72.99888778312263,73.99822235107422,3686800
2020-10-12,73.91100061595752,74.43445770258211,73.43512283588765,73.84754943847656,3131600
2020-10-13,73.47475775064669,73.96649514173026,72.4119780986396,73.69683074951172,2544400
2020-10-14,73.63337958561823,74.15684255521082,72.97509349648186,73.49855041503906,2420700
2020-10-15,72.22957008764446,73.61753262280368,71.97577146611394,72.9354476928711,2170600
2020-10-16,73.10991751304249,73.80786203892767,72.75301536877922,73.26061248779297,2811200
2020-10-19,73.06236357832724,73.65720477513537,72.76890640952837,73.022705078125,2284000
2020-10-20,73.05442137357457,73.60167714134428,72.80855564650668,73.01476287841797,2243100
2020-10-21,72.93543157502104,73.74441866246072,72.61818185545714,73.37165069580078,2233300
2020-10-22,73.43510345197735,74.48202945095488,73.01475010143768,74.4661636352539,4162200
2020-10-23,74.55340921612452,74.8468663031141,72.1502524191322,73.58580017089844,4532000
2020-10-26,72.91958442881169,74.15685189304862,72.54681639765411,73.9030532836914,2711800
2020-10-27,74.01408219739729,74.50581959986408,73.4588996873828,73.80786895751953,2275900
2020-10-28,72.80061426594273,73.83166845863258,72.03921844562163,72.15818786621094,3658800
2020-10-29,71.95197461002971,73.9109854425628,71.07954227740127,73.15751647949219,3424900
2020-10-30,72.69752581545939,73.76030581190722,72.35648329923382,73.05442810058594,3304800
2020-11-02,73.70478213056465,74.71204378531948,73.16545926198496,74.41065979003906,2929900
2020-11-03,75.23549990792462,76.58380392879758,74.89445744838105,75.75895690917969,3512400
2020-11-04,75.40205219550721,76.71863664040985,74.1965103149414,74.1965103149414,2883700
2020-11-05,75.2037692634423,76.90104853828934,74.52961729837358,74.72789764404297,2531900
2020-11-06,74.94996725010631,75.76688126889944,74.0299435835973,74.10926055908203,2380500
2020-11-09,76.78208594421537,78.42384711021782,75.43378189425572,75.66378784179688,4148100
2020-11-10,75.91758462878923,77.14691922083736,74.79135364478549,77.04381561279297,3146100
2020-11-11,77.47211468907776,78.24937648501182,76.96451737170597,77.17865753173828,2704500
2020-11-12,76.50174371127424,76.8301834503253,74.97971826851176,75.50041198730469,3119000
2020-11-13,75.86889875178332,76.38959245289324,75.780781074135,76.08518981933594,1887300
2020-11-16,76.942346554996,76.942346554996,75.67666155156057,76.10923767089844,2842900
2020-11-17,75.5404640098985,76.10120730326516,74.36289698218502,74.43498992919922,3178500
2020-11-18,74.9717263791895,75.26812285062591,73.26545885573384,73.321533203125,2948800
2020-11-19,73.1693185727676,73.50577072180704,72.1039061210174,73.45770263671875,3368600
2020-11-20,73.45768678665605,74.24273348283131,73.20134613085983,74.16262817382812,4213800
2020-11-23,74.11456823285377,74.84354068156392,73.70602927860917,74.76343536376953,3795700
2020-11-24,75.67664226103419,77.16662425506462,75.22003527006638,77.11054992675781,4350900
2020-11-25,76.86222130520686,77.0945310004328,75.97303823824149,77.0224380493164,1959300
2020-11-27,77.02243840503044,77.02243840503044,75.38025191227577,75.7807846069336,1293800
2020-11-30,75.4042682177835,75.50039824598036,73.6499395126003,74.2267074584961,5012200
2020-12-01,74.94769056970046,75.81284282665625,74.63527549551837,74.7073745727539,2947300
2020-12-02,74.57919059829725,75.22805775501776,73.6259268888389,75.19601440429688,2173900
2020-12-03,74.8836091531336,75.05983843764534,73.77813479965754,73.97840118408203,2286100
2020-12-04,73.85823545567924,74.23473721242695,72.20804250820926,73.01712036132812,3172200
2020-12-07,72.65659841810361,73.94631365222835,72.53644354854777,73.5938491821289,2030700
2020-12-08,73.16129658545769,73.71402749613257,72.41630559906316,73.30548858642578,2409300
2020-12-09,73.28947879951409,73.48974516881886,72.328202671509,73.2093734741211,2998200
2020-12-10,73.44969348491176,73.75409615745498,72.76077670505317,73.50576782226562,3628500
2020-12-11,73.0972191048905,73.60990048146176,72.81684743202248,73.32952880859375,3225100
2020-12-14,74.00243826679389,75.36425346001931,72.97707527196023,73.00110626220703,3684200
2020-12-15,73.10523601923354,74.37091480860023,72.81685196301216,73.78614044189453,4059600
2020-12-16,74.01042129339817,74.48305299024871,72.57651369789069,72.58452606201172,4057900
2020-12-17,73.14529168135667,73.56184918000625,72.89696332246807,73.31351470947266,4309900
2020-12-18,73.25742022895385,73.37758124790408,72.28813193627046,72.35221862792969,7342800
2020-12-21,71.94368707922386,72.09589147250314,70.63795257830274,71.37493133544922,4682100
2020-12-22,71.36691251315277,71.75142658867675,70.97439218412903,71.7193832397461,2831600
2020-12-23,72.07986960485933,72.69668729276542,71.31084141888734,71.32686614990234,1956500
2020-12-24,71.47105075092102,71.87158342169583,71.13460477426462,71.83152770996094,733500
2020-12-28,72.22407250081825,72.62460527348479,71.87961407185924,72.2961654663086,1473400
2020-12-29,72.5204464581901,72.928991505277,71.83954212080775,71.98373413085938,2044400
2020-12-30,72.03179801222295,72.96103679318368,72.03179801222295,72.54447937011719,1838700
2020-12-31,72.58454080539977,73.40963723980863,72.31217537475008,73.34555053710938,1638800
2021-01-04,73.52178398750955,73.8021556649179,71.45503371693785,71.86357879638672,2683700
2021-01-05,71.92767323677047,72.24810066470529,71.3268741012595,71.8956298828125,2547400
2021-01-06,72.05581634686563,73.51375484837625,71.9917357721108,72.82484436035156,2823000
2021-01-07,73.01711855289464,73.26544689198437,71.88761331062621,72.00777435302734,2989500
2021-01-08,72.0558367446557,72.41631987395695,71.63127302245951,72.13594818115234,2752100
2021-01-11,71.80750179394839,72.43233182657895,70.91831871316059,71.52713012695312,2193700
2021-01-12,71.406977291969,71.74342333098511,70.18936043625342,71.23875427246094,2860700
2021-01-13,71.27880632403514,73.99441770656179,71.25476922678965,73.34555053710938,3592500
2021-01-14,73.3455401274666,73.66596748384158,72.36023318779466,73.42565155029297,3097300
2021-01-15,72.82486432891955,74.00242542823834,72.57652987894616,73.78614044189453,2914600
2021-01-19,74.17063749577093,74.45902150943046,72.37625283094553,72.40028381347656,2486200
2021-01-20,72.33620281283159,73.06516909585157,71.69534809470198,72.72071075439453,2331300
2021-01-21,72.49642248402358,72.71270746418944,71.93567911941261,72.24008178710938,2254700
2021-01-22,71.95169954896006,72.63260396929887,71.6633154937222,72.32820129394531,1917500
2021-01-25,72.10388850044376,74.55514633335147,71.92765315869218,74.4269790649414,3469200
2021-01-26,74.33085363518641,74.85955358155447,73.58586262448871,74.43498992919922,2261500
2021-01-27,73.97839491271014,75.42832756894698,73.16131082264867,73.46571350097656,3002300
2021-01-28,73.82618063959468,75.05981581763393,73.2574189009834,73.28145599365234,2001000
2021-01-29,73.70603703470788,75.76477508804949,72.93701490199818,75.30015563964844,4967400
2021-02-01,75.34019834139298,75.62056999055663,74.41095960514363,74.62725067138672,2570900
2021-02-02,74.57118074937269,76.06116299413526,74.25075945463857,74.57919311523438,2240700
2021-02-03,74.29081437008827,74.9877435703966,74.11457897840262,74.81150817871094,2577200
2021-02-04,75.03579590359931,75.67665067980724,74.74741186547016,75.58052062988281,2375800
2021-02-05,75.6766517307645,76.46169242529514,75.32418098779081,75.89293670654297,2465900
2021-02-08,75.78880655550668,75.84488089538357,74.51510924738217,74.97972869873047,2087100
2021-02-09,74.9877342039308,75.3482111970656,74.33086080619702,74.75542449951172,1932900
2021-02-10,75.11588114328597,75.45233317226149,74.34685928439222,75.05980682373047,2356700
2021-02-11,75.0314918686091,75.12862223970725,73.12940020510334,73.1860580444336,3633400
2021-02-12,72.78134017526064,73.1617596528335,72.15810409036291,72.70040130615234,2742400
2021-02-16,72.55474439129492,73.00800722039095,71.25160758240092,71.53489685058594,2931600
2021-02-17,71.68868769722931,72.49808916436535,71.13829445256708,72.1986083984375,3772600
2021-02-18,72.20669007019045,73.22653744909718,72.11765543213752,72.4656982421875,3658400
2021-02-19,72.3928525527079,72.3928525527079,71.40538200179479,71.57535552978516,3537300
2021-02-22,71.34063132348379,71.74533198049255,70.48266790670266,71.51060485839844,2981400
2021-02-23,72.35237335470602,72.878485373977,71.44584178034309,72.06908416748047,2640200
2021-02-24,71.98817795146833,72.02864432501286,70.68504092360152,70.69313049316406,2886400
2021-02-25,70.62024983288806,71.84244728972234,70.17507673347274,70.51502990722656,3423000
2021-02-26,70.69312500754981,71.745349441961,69.25239130598989,69.27667236328125,3877300
2021-03-01,69.60851634661748,71.25969584749654,69.60851634661748,70.4502944946289,2828000
2021-03-02,70.46647487805836,71.12209412720959,69.97273959330822,70.61216735839844,2427600
2021-03-03,70.3288738410969,70.7902323047676,69.44662944619246,70.63644409179688,2724700
2021-03-04,70.66075836785517,71.85057346896312,69.61662961871471,69.9808578491211,4197300
2021-03-05,70.21555498093556,72.03670770378403,69.75419653815693,71.65628814697266,3788000
2021-03-08,72.03672214763648,73.84168992529628,71.68058356768296,73.0241928100586,3740800
2021-03-09,73.02419173448466,74.03594343513926,72.6761489024498,73.61505126953125,3228200
2021-03-10,73.61503564704401,74.2220865386092,73.33174646602845,73.48553466796875,4227800
2021-03-11,73.38841819520059,74.70774633478175,73.07275216584804,73.40460968017578,3565200
2021-03-12,73.66361255783278,74.42444556533843,73.40460439406115,73.97927856445312,3462300
2021-03-15,74.36778325615857,74.91008677684628,74.08449405892847,74.73201751708984,4261000
2021-03-16,74.6187212080334,75.58190472864287,74.31114470670617,75.29051971435547,3140100
2021-03-17,75.2419494900664,75.52523873028564,74.04403893849877,74.34351348876953,4138400
2021-03-18,74.31922115813094,74.99912140672451,73.89023949157661,74.73201751708984,3471800
2021-03-19,74.84533340648095,75.5576042722686,74.14115210689309,75.04768371582031,11280800
2021-03-22,75.04769057197373,75.4685765367444,74.5458595358793,75.37145233154297,4107800
2021-03-23,75.26623966848906,76.5612807631113,74.99104613755067,76.09992218017578,3852900
2021-03-24,75.70329041555182,76.99833105205016,75.59807048657538,76.39937591552734,3024300
2021-03-25,76.86884265458023,77.6215861126027,76.40748415935627,77.32210540771484,2622900
2021-03-26,77.16022550744528,77.66205034891001,76.73124381706734,77.56492614746094,6036000
2021-03-29,77.53254764757462,79.25657011298271,77.15212806629997,78.98137664794922,4941200
2021-03-30,78.98948021336152,79.02995275374113,77.34639634792887,77.89678955078125,3275100
2021-03-31,77.6296981716587,78.34196924418826,77.57303414036481,78.13152313232422,3480700
2021-04-01,78.05056486817234,78.13150376028482,77.16831427099393,77.92915344238281,2876100
2021-04-05,77.9857918689648,79.0461114699574,77.84009942933741,78.45524597167969,2839800
2021-04-06,78.31767637218036,78.99757054221264,77.75918746448082,78.9732894897461,3634300
2021-04-07,79.07851353076809,79.36180895817097,78.79522427860776,79.17564392089844,2549200
2021-04-08,79.26467587465868,79.44274516289231,78.81141308660385,79.01376342773438,4922400
2021-04-09,79.3213289913939,79.9202842363428,78.86806623037765,78.94900512695312,2028700
2021-04-12,78.62525229882814,79.41037265282397,78.56859444726364,79.02995300292969,3784600
2021-04-13,78.60906438847832,80.00932532023263,78.35814576106723,79.72603607177734,3661300
2021-04-14,79.55606133922643,80.04170092581717,79.3456152541149,79.96076202392578,3604100
2021-04-15,80.0012347003571,80.85110867538846,79.92029579207862,80.73779296875,3271600
2021-04-16,80.81871310092306,81.8547457067757,80.7377742114486,81.482421875,3820900
2021-04-19,81.49052033264772,81.54717817469243,80.66493375210455,81.10200500488281,3491600
2021-04-20,81.14248189062725,82.42133745136054,80.98869366458254,82.08139038085938,3171600
2021-04-21,82.04901763266851,82.27564902417679,81.40149407815152,81.82238006591797,3741900
2021-04-22,81.91948861860361,81.91948861860361,80.97249076708987,81.00486755371094,3866800
2021-04-23,81.0129801857333,81.3124609158187,80.48687423525479,80.8187255859375,2849400
2021-04-26,80.89156391776442,80.89156391776442,80.13882049879389,80.2926025390625,2749800
2021-04-27,80.09834504284277,80.25213325274109,79.59651405676074,79.81505584716797,3441300
2021-04-28,80.04168483590965,80.26022661985195,79.37797609343055,79.78267669677734,2514600
2021-04-29,79.87171590350773,80.64064462386182,79.79077701324543,80.57589721679688,2172000
2021-04-30,80.82681451682949,81.51480438852444,80.34926453749364,81.49861907958984,2574800
2021-05-03,81.60384329668993,82.4779982307139,81.2477047290708,81.51480865478516,3572100
2021-05-04,81.51479906874337,81.81427975404473,81.02915955425475,81.57145690917969,3096400
2021-05-05,81.3448053237448,81.47431245553955,79.84741461999748,80.42208862304688,3582200
2021-05-06,80.74587288882593,81.53908267985422,80.41401540210066,81.37720489501953,2051600
2021-05-07,81.25581080047988,82.09758904670157,81.09393298111696,81.63623046875,4544800
2021-05-10,81.97616624205635,87.41534420270804,81.79809696027135,83.96729278564453,8173900
2021-05-11,84.32345396349973,84.66340113339866,83.14172843820076,83.87828063964844,4487600
2021-05-12,83.82159304221906,83.94300446703896,81.87093920434803,81.92759704589844,4477600
2021-05-13,82.0461007152787,84.65293967593416,81.92352063447527,84.1707992553711,3318200
2021-05-14,84.42413144157904,84.84907491351674,83.86027301470949,84.21983337402344,2409600
2021-05-17,84.30970804900635,88.25674741587298,83.66412553733963,83.72132873535156,5583000
2021-05-18,83.5170342221335,84.26068206225179,83.32090985422545,83.75402069091797,4857100
2021-05-19,83.51703437489618,83.64778811019488,81.81727945878194,82.66716003417969,4371600
2021-05-20,82.78972277674218,83.99099606147499,82.6916637230859,83.57422637939453,3110200
2021-05-21,83.78669112219013,84.22797553117937,83.2882035250734,84.05636596679688,4136400
2021-05-24,84.24434252445134,84.58756799340591,83.4843597491396,83.60693359375,2726500
2021-05-25,83.45166376112849,83.56607016220055,82.37297038339109,82.78973388671875,3015000
2021-05-26,82.78157314103943,83.03490073035017,82.3566297015769,82.62630462646484,2607800
2021-05-27,82.78972477173333,82.83058686819504,81.63748722074351,81.72737884521484,4251100
2021-05-28,82.02158215032608,82.34845403776598,81.71104512870393,81.89900207519531,2271200
2021-06-01,82.16049931475345,82.33210891768563,81.3759956007715,81.78459167480469,2816100
2021-06-02,82.05427082501177,82.75705037279987,81.49040621857682,82.27490997314453,1889900
2021-06-03,81.91533833078581,83.36993934177795,81.86630879750602,83.08392333984375,3401900
2021-06-04,83.32910291604718,83.42716200548367,82.85512986816181,82.92868041992188,2771400
2021-06-07,82.9858691941348,83.52521279623797,82.90414498758079,83.23919677734375,3335100
2021-06-08,83.46798980683522,83.46798980683522,82.07876591026732,82.20133972167969,3147900
2021-06-09,82.22588253846433,82.92049467107361,82.07061402323242,82.85511779785156,1584800
2021-06-10,82.84694798622282,83.23920300913119,82.65899726031333,83.11662292480469,1783900
2021-06-11,82.96952384753335,83.40263472005118,82.65081938531526,83.29640197753906,1909000
2021-06-14,83.29639858876428,83.80305998139455,83.1574774154352,83.78671264648438,2003300
2021-06-15,83.84391690907113,84.58756478984662,83.53338612334906,84.35057830810547,2738600
2021-06-16,84.75918156713468,84.90627642221541,83.13297072767911,83.1983413696289,3865400
2021-06-17,83.20650905002692,84.30971726640044,82.93683412933869,83.69682312011719,3998700
2021-06-18,83.41082814231548,83.55792302392096,81.31881759031155,81.4005355834961,5190400
2021-06-21,81.79275847622121,82.99403192215902,81.5230898077978,82.78973388671875,3566100
2021-06-22,82.40565712436677,82.92049219224764,81.94803149485632,82.04609680175781,2562000
2021-06-23,81.84180407288002,82.47103935434262,80.96740862557475,81.0899887084961,3997300
2021-06-24,81.08999753968523,81.27794828390918,80.6568803682365,80.95924377441406,2448600
2021-06-25,81.19620494695931,81.58028621917255,80.86115320407346,81.49039459228516,3236200
2021-06-28,81.71920517898639,82.31575812005244,81.42501554156759,81.72737884521484,3192800
2021-06-29,81.52307864653733,81.91532732945869,79.82331772806367,80.1828842163086,2669200
2021-06-30,80.22375955401026,80.86116849452023,79.82333710786357,80.6732177734375,2493300
2021-07-01,80.86933956482193,81.61298746131733,80.3708518228085,81.35148620605469,2406900
2021-07-02,81.5067526044277,81.5067526044277,81.04912694325888,81.31880187988281,1779300
2021-07-06,81.384168759136,81.62932891467689,80.41171427410244,81.5802993774414,3258100
2021-07-07,81.67836569140833,82.17685347975791,81.04913038061484,82.02159118652344,2044400
2021-07-08,81.74373847713338,82.53641594464592,81.59664362507247,82.17684936523438,2386200
2021-07-09,82.4955633584256,82.56911391028436,81.63751515129155,82.25858306884766,2676300
2021-07-12,81.8990008141971,83.05941220691405,81.60481113228555,82.96952056884766,2509100
2021-07-13,82.91231736595827,83.2310218155822,82.51189494573258,82.96952056884766,2774400
2021-07-14,82.94501568743225,84.20349253567929,82.18502662435715,83.92564392089844,2692900
2021-07-15,83.79487938838257,84.98797911627626,83.79487938838257,84.93894958496094,2869100
2021-07-16,85.06970473371216,86.1157097270875,84.83271825323156,85.60905456542969,2758800
2021-07-19,85.32302993015983,86.18107789210379,83.95831438837692,84.89808654785156,5548800
2021-07-20,85.05336892536842,86.1484035226031,84.52219272811612,84.77552032470703,2411400
2021-07-21,84.92261341273748,85.06970826069703,84.26886338211422,84.30155181884766,2078100
2021-07-22,84.30972103151747,84.96347731062116,83.97467545862125,84.10542297363281,2948600
2021-07-23,84.21981126256527,85.47011411019612,84.21981126256527,85.37205505371094,1896100
2021-07-26,85.47830093923754,85.84604116172696,84.94712477431831,85.46195983886719,3170100
2021-07-27,85.29036914404656,87.17808150688597,85.02886783735589,86.91658020019531,2036000
2021-07-28,86.83486020401602,86.94926663338146,85.6008980190799,86.33637237548828,2144700
2021-07-29,86.54883495313976,86.67140880397467,85.78067223626957,86.36087799072266,1477900
2021-07-30,86.36086457246303,87.20257146905455,85.70710837440377,85.89506530761719,2567700
2021-08-02,86.12389261757042,87.16173028925395,85.9359418873703,86.77764892578125,3392300
2021-08-03,86.95742129958705,87.89718730190845,86.60602841913143,87.12085723876953,2398900
2021-08-04,86.85937411204715,87.4395799222478,86.10755865950682,87.21894073486328,2261800
2021-08-05,87.23528248941211,88.2567729166886,86.89206320217109,88.19956970214844,2843600
2021-08-06,87.78276794395687,88.30577035378212,87.3414834916642,87.4068603515625,2617800
2021-08-09,87.19440128961708,87.44773509970543,86.18925842064793,86.74494934082031,2435800
2021-08-10,87.03096338697152,87.63568382817492,86.62236731473222,87.35784149169922,2022100
2021-08-11,87.668361465488,88.10147225117373,87.4150339269957,87.553955078125,2510400
2021-08-12,87.25293215913193,87.8385215476792,86.98900445876511,87.17045593261719,2227000
2021-08-13,87.40964710217612,87.66532530882758,87.03849461982422,87.42613983154297,2010900
2021-08-16,87.69830503386856,89.38908957983425,87.5580948296117,88.9189682006836,3286700
2021-08-17,88.90246267099485,89.27360875647001,88.04469625680835,88.83647918701172,2151900
2021-08-18,88.88599270653063,88.94372670075364,87.8962652934123,88.29216003417969,2834100
2021-08-19,88.30038384188595,89.25712558444197,88.0034644247156,88.15192413330078,2464600
2021-08-20,87.61584214764873,88.53133651582417,87.12922167480124,88.42411804199219,2569100
2021-08-23,88.30037324042078,88.63853387202721,87.16218647294144,87.28590393066406,2712700
2021-08-24,87.45087435428499,87.5663423272622,86.0982441343811,86.7250747680664,3730600
2021-08-25,86.70857831975374,87.39314296023466,86.1312384377414,86.9147720336914,2357900
2021-08-26,86.93125157184991,87.079711264314,86.45288075251773,86.47762298583984,2495800
2021-08-27,86.66733088969667,86.87352457398362,86.1972095412237,86.32917022705078,1724400
2021-08-30,86.18897614749434,86.73333059621018,86.05700914446031,86.42816162109375,1947800
2021-08-31,86.46937625626637,87.1127058059743,86.10647966832653,86.3209228515625,3069300
2021-09-01,86.51887448352373,87.73953761721792,86.32917351803407,87.52510070800781,2499500
2021-09-02,87.59109725250235,88.2096784655639,87.426144779366,87.96224975585938,2792500
2021-09-03,87.74779796001941,87.9539916776231,86.98900658944576,87.1622085571289,3043700
2021-09-07,87.03024541579256,87.08797940757982,85.0920256428967,85.11676788330078,4472500
2021-09-08,85.1745021920215,87.13747050515882,84.71263025600481,86.87354278564453,3616300
2021-09-09,86.67558750907165,86.89003073579829,86.21371559845993,86.28794860839844,2317700
2021-09-10,86.31269527394137,86.42816325751589,85.07553291347169,85.11676788330078,2391700
2021-09-13,85.76008685172425,85.95803104269,84.58065863081058,84.72911834716797,2801100
2021-09-14,84.95181069911263,85.3724476402116,83.69815567886928,83.80537414550781,3421700
2021-09-15,83.50844063937663,84.47342555433514,83.13729453132542,84.15176391601562,2795800
2021-09-16,84.53117875613418,84.79510647560832,83.53320187023091,83.64042663574219,3219100
2021-09-17,83.30227451950581,83.78064552695467,82.1228460246075,82.205322265625,6699200
2021-09-20,81.89190254632719,82.73317019585254,81.2650718453371,82.18057250976562,4907800
2021-09-21,82.41150585055368,82.86513455900425,81.5125042370301,81.58673095703125,3274900
2021-09-22,81.85888945623725,82.03209138915169,80.97638077375036,81.27330017089844,2732900
2021-09-23,81.33103121132736,82.02383891796488,80.9928705741366,81.15782928466797,2419900
2021-09-24,81.03412683763918,81.71869145497412,80.73720739620553,81.20732879638672,3010800
2021-09-27,81.1990735431999,82.1145740407806,80.4155400291594,80.52275848388672,2772800
2021-09-28,80.37431564861767,80.71247639553869,79.65676547569439,80.0444107055664,3126800
2021-09-29,80.044406211614,81.67745698264667,79.96192368794858,81.10836029052734,3299000
2021-09-30,81.25680208858142,81.40526178886483,80.46501911791377,80.48976135253906,2962300
2021-10-01,80.99288557923296,81.55373271388179,80.50627145120882,81.20732879638672,4598500
2021-10-04,81.37229076276695,83.32700315506118,81.24857327517715,83.10431671142578,4645600
2021-10-05,83.20328039884828,83.28576291370703,82.43623957540164,82.61769104003906,3411500
2021-10-06,82.41975255518298,84.05280955746987,81.85890539498203,84.0033187866211,2794800
2021-10-07,84.06105498713671,84.5889104115039,83.1867956203785,83.26927185058594,2020000
2021-10-08,83.30226465446349,83.56619236998422,82.8156504853137,82.91461944580078,1745000
2021-10-11,82.62594934617077,83.0795780560564,81.94138467217356,82.2383041381836,1659700
2021-10-12,82.35375987556004,82.93934920964183,82.13107345542895,82.32901763916016,2426000
2021-10-13,82.34551039087864,83.09605845540744,81.69394385704369,83.05481719970703,1798800
2021-10-14,83.39298447927256,84.03630784692267,83.10431454411324,83.83836364746094,3045600
2021-10-15,83.92084516358342,84.1187893755244,82.55996533485654,82.76615905761719,2593400
2021-10-18,82.3537652603244,82.62594246358394,81.77642539813681,82.36201477050781,2057600
2021-10-19,82.76614629548158,83.48370260535684,82.58469484062584,83.40946960449219,1759000
2021-10-20,83.5084597616432,84.59716239276032,83.5084597616432,84.31674194335938,1892700
2021-10-21,84.44869197911055,84.9765473521491,84.26724051477872,84.9518051147461,2057800
2021-10-22,85.12501710611896,86.55188045907845,84.92707289102317,85.59513854980469,2430300
2021-10-25,85.5208877237328,85.52913093982737,84.63837907669907,84.81982421875,1681600
2021-10-26,84.7786144337832,85.89205931270449,84.65489693778457,85.19100189208984,2298300
2021-10-27,85.48791723998667,85.62812745883667,84.66314236317548,84.75386810302734,1519200
2021-10-28,84.47344734169427,84.82810081548423,83.93734237537919,84.53118133544922,1973600
2021-10-29,84.32497146939491,84.91881031585713,83.79711611532454,84.1352767944336,2301300
2021-11-01,84.23424597644514,84.68787462224452,83.68164838431294,84.38270568847656,1606500
2021-11-02,84.64662864907058,84.79508835282864,83.71463546535882,84.4981689453125,2701100
2021-11-03,84.33323273901586,84.91057264662182,83.67341030815214,84.57241821289062,2062000
2021-11-04,84.44869222827343,84.82808788548101,82.37026247736836,83.3187484741211,3054500
2021-11-05,83.45896027261365,84.67962339790455,83.34349230920863,83.86309814453125,2127800
2021-11-08,84.0280620695474,84.11878780927546,82.89812451707907,83.64866638183594,3686700
2021-11-09,83.9538373244325,84.33323302106142,83.49196539680304,84.09404754638672,2876300
2021-11-10,84.3480480904859,84.87272900274094,83.85668711021917,84.63121032714844,1876700
2021-11-11,84.41468083630188,84.58124238378055,83.24873094220398,83.49024963378906,2002600
2021-11-12,83.49025187849402,83.69845699539799,82.9322636901312,83.1821060180664,2504100
2021-11-15,83.48191480067793,84.12319006444143,83.0571809731059,83.78173065185547,2362900
2021-11-16,83.72343328349211,83.92330839917378,82.4159055176429,82.5158462524414,3758800
2021-11-17,82.44922506421477,82.6574301780133,81.95786404552986,82.4408950805664,2368600
2021-11-18,82.0994368101555,82.16606396730069,81.5997458393974,81.92454528808594,2809800
2021-11-19,81.9911777518357,82.2493564340118,81.58309747563754,81.96619415283203,2986300
2021-11-22,82.03281385464561,83.74009830892281,81.88290592034852,83.49024963378906,3913900
2021-11-23,83.69014079606858,84.1731782717858,82.76570941644033,83.89834594726562,3174100
2021-11-24,84.10653596542517,84.27310386876293,83.21541833279461,83.43195343017578,2236800
2021-11-26,82.5991380434212,83.83171518808679,82.57415444486654,82.68241882324219,1805400
2021-11-29,83.21542991267177,83.69013738388978,82.54084728355055,83.46527862548828,2128900
2021-11-30,82.99055359772477,83.0488507711937,80.57537318245468,80.79190826416016,3873200
2021-12-01,81.15002215694516,82.4492199532587,80.4337961015632,80.46710968017578,2825600
2021-12-02,80.86685926505902,82.18271701704948,80.72528132253122,81.32491302490234,2956200
2021-12-03,81.69968660233666,83.24040319664289,81.04175767045018,83.1821060180664,3106800
2021-12-06,83.7151086325614,85.53065746325662,83.49857989091284,84.28975677490234,2972500
2021-12-07,84.01492052803238,84.57291503074273,83.6984510601895,84.25643920898438,4402500
2021-12-08,84.10653117735424,84.6478657130318,83.44860229293572,83.98993682861328,4819400
2021-12-09,84.14816586415192,84.21479301466684,82.66574671172648,83.51522064208984,4020800
2021-12-10,83.95662606981018,84.98932798465326,83.58185941540007,84.53960418701172,3039900
2021-12-13,84.5312756304598,86.30518090061543,84.48963206641542,85.8138198852539,3932500
2021-12-14,85.82215381412082,86.1969204920852,85.21419206227,85.58895874023438,2825100
2021-12-15,85.62227419242315,86.7049433918379,85.62227419242315,86.46342468261719,3378800
2021-12-16,86.61333310757993,87.53776438271453,86.31351721543271,87.06305694580078,3066600
2021-12-17,86.98809341509897,87.58772515540954,85.21418814494334,85.8138198852539,7150200
2021-12-20,85.38074102720532,86.47174002605759,84.847736501899,86.33848571777344,3678600
2021-12-21,86.61330869492545,87.02138885102664,85.5139861848772,85.7971420288086,2054600
2021-12-22,85.70555221983153,86.22189681220588,85.50567074480063,85.91375732421875,1588700
2021-12-23,86.01369599068292,86.52171697899676,85.72221010081003,85.75552368164062,1435100
2021-12-27,85.75553137476942,86.14695804224898,85.51401265751784,86.02203369140625,1269600
2021-12-28,86.16360436102202,87.11301918076579,86.16360436102202,87.0880355834961,1197400
2021-12-29,87.24626922607422,87.47112794438996,86.80487541884716,87.24626922607422,1176300
2021-12-30,87.27958547673903,87.47946060512774,86.7132673180412,87.27125549316406,1690700
2021-12-31,87.21295370645348,87.63769389150674,86.61332199906425,87.36286163330078,1945700
2022-01-03,87.37119319785316,87.37119319785316,85.79715676050868,86.18858337402344,3272700
2022-01-04,86.08031231230896,87.39616999679109,86.01368515903809,86.12195587158203,2558300
2022-01-05,86.19691273059154,87.37951619190727,86.17192913483234,86.31350708007812,2446600
2022-01-06,86.20524198446397,87.25459112096513,86.05533405726159,86.17192840576172,3944100
2022-01-07,85.62227825405584,87.42117368230934,85.16423076635692,87.02974700927734,2990100
2022-01-10,87.15466142926093,87.71264960624355,86.67162404295546,87.07970428466797,2683500
2022-01-11,87.096352078867,87.19628645246924,85.38906785212653,85.9720458984375,2937300
2022-01-12,85.5139989027775,86.4634136502047,85.11424231516402,86.2968521118164,2226300
2022-01-13,86.23022975198572,87.02973661777482,85.94706749627447,86.73825073242188,2591200
2022-01-14,86.97977405926143,87.17964919788076,86.0053692564205,86.64664459228516,3425900
2022-01-18,86.0553335264181,86.4051165697608,84.73114578531298,84.83941650390625,3082000
2022-01-19,84.84774522286278,85.63892846331157,84.37303782015982,85.08926391601562,2460800
2022-01-20,84.98932758584672,86.22189826641471,84.93935403928838,85.20585632324219,2426800
2022-01-21,85.79716984025171,86.78822832309547,85.50568391997899,85.76386260986328,3453800
2022-01-24,86.29685914649411,86.59667502316553,83.49025188306514,85.43072509765625,5654600
2022-01-25,84.70615905873153,85.90542242462159,84.58123473246546,85.21417999267578,3336300
2022-01-26,85.09758786273237,86.03034898867786,84.28142108329065,84.90603637695312,3111000
2022-01-27,85.37242316345055,86.92979328471888,85.3391095841299,85.98870849609375,3384900
2022-01-28,85.93874630255667,87.25459781572125,85.61394682768331,87.2212905883789,2874200
2022-01-31,86.50505705551254,87.64601693463392,86.16359764234325,87.49610900878906,4306700
2022-02-01,87.0713810201684,87.51277484422728,85.27248578938226,86.1552734375,3036300
2022-02-02,86.07197412115,87.62935032227874,85.82213185108377,87.44612884521484,3391100
2022-02-03,87.62936872196329,88.0790925272091,87.19629852998624,87.80426025390625,2238900
2022-02-04,87.07970551320975,87.72930445723968,86.30518222903962,86.821533203125,2217100
2022-02-07,86.72991520859104,87.29623332992159,86.07198633572793,86.89647674560547,3046600
2022-02-08,87.67100796566145,87.74596511189897,86.66329596075913,86.95478820800781,2298800
2022-02-09,87.23793393866713,87.62103054719289,86.79654015827691,87.20462036132812,2259800
2022-02-10,86.77156615774395,86.88816051436424,82.93226331126095,83.1071548461914,5918200
2022-02-11,83.36532315784216,83.99826845907393,82.91559936648659,83.07383728027344,3953500
2022-02-14,83.74008422914066,84.1231808070616,82.14106441418696,83.24038696289062,5284400
2022-02-15,83.39030994074992,84.20647678304829,82.25767361269934,82.6990737915039,3149200
2022-02-16,82.74903044971845,83.25705137131925,82.3659338513484,82.87395477294922,2955900
2022-02-17,82.82768685833335,83.40807992667695,82.03700719043773,83.04638671875,2401800
2022-02-18,82.73516655152781,84.27446611783928,82.49964656885598,83.95482635498047,4505500
2022-02-22,84.11464114994043,84.31651449181768,82.91180152479876,83.65200805664062,3304900
2022-02-23,83.82865590596461,84.00529588535404,82.09588990433112,82.15476989746094,4055900
2022-02-24,81.95290931477162,82.11272921420073,80.31267609540576,81.62486267089844,4207800
2022-02-25,82.46600582976208,84.40063898090271,82.29777267481158,84.2997055053711,3326800
2022-02-28,83.45013883847642,84.55203863841123,83.26508559201203,84.45951843261719,3069400
2022-03-01,84.45951563673472,85.00625567917753,82.99591623629618,83.97164916992188,2448100
2022-03-02,84.06418627874191,85.16608617968386,83.89595312224473,84.77915954589844,2334300
2022-03-03,85.16607312890659,86.83154582710004,85.00625325908462,86.33526611328125,2607400
2022-03-04,86.18385026203211,88.63158910761254,86.13338353694783,88.5390625,3276600
2022-03-07,88.65683393918479,89.99425366642902,87.9418607657716,89.75032043457031,3611000
2022-03-08,89.80081631557657,90.38120312835593,88.59797637396206,88.71573638916016,3549800
2022-03-09,89.32134792134298,89.64098127760388,88.42132143278667,88.59796142578125,3293200
2022-03-10,88.00075033147783,89.51481020150942,87.8493437027308,89.32135009765625,2038500
2022-03-11,89.245642615419,90.07837585585872,89.1194693565794,89.27928924560547,2229700
2022-03-14,90.04473929688936,90.59147941164869,88.94283297024549,89.41387939453125,2562900
2022-03-15,90.28868357970892,90.32233021775778,89.27089684413099,89.741943359375,2113300
2022-03-16,90.01948373255254,90.01948373255254,87.62221780724508,89.13628387451172,2636500
2022-03-17,89.16151908193956,90.45688531793951,88.56430590346437,89.58209228515625,2675000
2022-03-18,89.41387513713495,89.93538185775888,87.95868887464381,88.36244201660156,4859200
2022-03-21,88.58955325988114,89.89333296273492,88.55590662821744,89.2961196899414,1987500
2022-03-22,89.80921019700678,89.9606168257538,88.20262369732765,89.32135009765625,2574900
2022-03-23,89.73351453872677,90.43166771796426,89.09424136150696,89.85968780517578,2617400
2022-03-24,89.64097716336173,90.91111010319541,89.49798380665835,90.39801025390625,2196500
2022-03-25,90.67558406450789,91.9877703888142,90.4484709438009,91.79430389404297,1703600
2022-03-28,91.68496036548987,92.55975341796875,91.05410054646127,92.55975341796875,2470300
2022-03-29,92.63546694938817,93.35885349350437,92.20648683079561,93.34203338623047,2461600
2022-03-30,93.36725822303687,93.78783145827578,92.86257162423784,93.77101135253906,1979300
2022-03-31,93.68690550838198,94.67105190249549,93.53549886447523,93.92243194580078,3280100
2022-04-01,93.95606874926673,94.96544847779182,92.98875533340882,94.89815521240234,2302500
2022-04-04,94.29252981299997,94.41870308278996,92.87099646452077,94.03177642822266,2265700
2022-04-05,94.20841198406235,96.0084650567913,94.19159187702397,94.64580535888672,2489200
2022-04-06,95.14208489906918,96.95055122923007,94.62057173812269,96.85802459716797,3413200
2022-04-07,96.72346725544698,96.91693384016128,95.42810043317051,96.61412048339844,2785900
2022-04-08,97.05989937849701,97.39635928020782,96.0336995661265,97.02625274658203,1678100
2022-04-11,97.11878179283747,97.53935507606512,95.71406856704246,96.08417510986328,2574200
2022-04-12,95.9159281094728,97.34588091662816,95.27665501430407,97.08512115478516,2509800
2022-04-13,97.16083886758776,97.48888550558712,96.22716569253147,96.82437896728516,2092300
2022-04-14,96.89166024022619,97.16923368749444,96.29444703937926,96.60566711425781,2719300
2022-04-18,96.96736051094967,97.4215803583356,95.54582097472914,96.09256744384766,1962500
2022-04-19,96.20192789292314,96.47950136175949,95.69723485699113,96.28604125976562,2018100
2022-04-20,97.14401074445901,97.46365053233423,96.87484411213389,97.09354400634766,2152900
2022-04-21,96.8580223430788,97.85057548601445,96.45426919280048,96.96736907958984,1865900
2022-04-22,96.87484826128214,97.11036827247412,96.00846832692355,96.12622833251953,3185600
2022-04-25,96.58044150517561,96.75708150123866,94.242055246667,95.69723510742188,3743600
2022-04-26,95.7308919407214,97.43001165669536,95.34396527704398,95.47013854980469,3937200
2022-04-27,95.52058397892684,96.6393102410495,94.38503761232735,95.125244140625,2483900
2022-04-28,95.5290066281269,96.47949985170352,94.71309350590415,95.72247314453125,2734100
2022-04-29,95.40283865558595,95.4785451809597,92.34106577528851,92.66070556640625,5424000
2022-05-02,93.08967673237949,93.44295670366516,90.39801064052936,91.4326171875,3831700
2022-05-03,91.97937021662612,92.86257662516645,91.00364359539397,91.14663696289062,2428400
2022-05-04,91.01206318458236,93.18222303936139,90.78495641719364,92.95511627197266,2561400
2022-05-05,92.54295173813588,93.34204490721191,91.75227824989432,92.56819152832031,2200100
2022-05-06,92.34947570504367,94.18317534563951,91.96254908220364,93.63642883300781,2723500
2022-05-09,92.22330261497332,94.30934877828834,91.2643961093394,93.19903564453125,3663300
2022-05-10,93.02238814454415,94.37663451988075,90.87746842485143,91.60926818847656,3372200
2022-05-11,91.78591762240508,93.92243071739516,91.55039118806671,92.45042419433594,3082800
2022-05-12,92.33581854197391,92.77716715188795,91.15605265966924,92.3867416381836,3429200
2022-05-13,92.84507666728125,93.08272643668991,91.41917157535873,92.76869201660156,3251300
2022-05-16,93.06574379127268,94.10970608630734,92.87901714325807,93.38826751708984,2408000
2022-05-17,92.87902085894248,93.36280970475742,90.92688679310953,92.81111907958984,4076100
2022-05-18,93.21003500503706,93.8381102825574,92.15758331491402,92.42918395996094,4006100
2022-05-19,92.23398411452929,92.89601039805949,91.01178423550097,92.47163391113281,3687600
2022-05-20,92.37828143046492,93.37132744802241,91.82659711295439,93.21855163574219,3375100
2022-05-23,93.91452636544648,94.97546767893893,93.20157043553417,94.05032348632812,2577300
2022-05-24,94.47469036054756,96.18917497427034,93.97392921996149,95.8921127319336,3009200
2022-05-25,96.07882228618628,96.26554895364674,94.80569298128732,95.3913345336914,2771900
2022-05-26,95.96849025086499,96.57959337562092,95.56957535134538,96.10429382324219,2717600
2022-05-27,95.81570955817162,97.1822021766849,95.55259824451628,97.09732818603516,2628900
2022-05-31,96.05336917582108,96.3674100964585,95.1452037842167,95.50167846679688,5037700
2022-06-01,95.52714199078174,95.67991777260916,94.1776215053944,94.78023529052734,2552100
2022-06-02,95.14519903503293,95.36587660272168,93.29491744934437,94.88208770751953,2712800
2022-06-03,94.61898227839464,95.14520496622528,94.18611645818623,94.34738159179688,1547800
2022-06-06,94.64444173963261,95.12823065430318,94.15216348246719,94.30493927001953,1483200
2022-06-07,94.16912626658161,95.40831112795978,93.58349120247314,95.34889221191406,2113300
2022-06-08,95.02636952375188,95.11973285648307,93.5919751167642,93.77870178222656,1810700
2022-06-09,93.72778757816243,94.23703804791009,91.3173258573327,91.4361572265625,2379400
2022-06-10,90.74017884057753,92.25095801966994,89.92537032948833,91.47010040283203,3342600
2022-06-13,90.62981950017767,90.8165461451494,87.36212263958167,87.7864990234375,2752200
2022-06-14,88.02416908074376,88.4740071153909,84.58672346333542,85.67312622070312,3899500
2022-06-15,86.58129572279917,86.6746590712463,84.07747047653676,85.028076171875,4039500
2022-06-16,84.05198990476617,84.73099474429958,83.05895066921137,84.48485565185547,4134000
2022-06-17,84.23024446999499,84.84134765564569,82.21870403861136,83.02501678466797,5533000
2022-06-21,83.12685963440637,84.45091206294109,82.8552589702077,84.20477294921875,2877800
2022-06-22,83.95862735172418,85.72403477041587,83.76341782950036,85.0110855102539,2909900
2022-06-23,85.44396616840672,87.97325305271023,85.34211994887927,87.7695541381836,3724300
2022-06-24,87.99021054641493,88.94930545635323,87.67617612143674,88.72013854980469,2953800
2022-06-27,88.29576375490609,89.43309601593072,88.0411417684468,89.28880310058594,1725000
2022-06-28,89.76409485277046,90.67226005850596,89.42459244935715,89.71316528320312,2215700
2022-06-29,89.738653307867,90.23941444602887,89.38217214331739,89.97630310058594,1767300
2022-06-30,89.34822156202308,91.61439689449534,89.15301200680523,90.99480438232422,3568900
2022-07-01,91.45313565184239,93.18459254704058,90.99480825527773,93.0403060913086,2874200
2022-07-05,93.10819623984665,93.10819623984665,88.72863437497695,90.25638580322266,2951900
2022-07-06,90.53648477857632,92.03029193478082,90.03572359565918,91.30885314941406,1920800
2022-07-07,91.51254296671739,91.85204544239309,90.42614022493206,90.67227935791016,1913500
2022-07-08,90.7147032913434,90.87596840679743,89.74712554956007,89.89141845703125,1697600
2022-07-11,90.00175889033746,91.65682446613272,89.84898310830475,91.63136291503906,2435700
2022-07-12,91.30883873573083,92.49709409342273,90.9268960446134,91.38522338867188,2102700
2022-07-13,90.757144724709,91.83505802131162,90.57890739891504,91.02025604248047,2417200
2022-07-14,89.34820393128852,91.00327576776233,89.28030862900702,90.77410888671875,2274900
2022-07-15,91.19000026617898,91.35974823108047,90.12056995598418,91.18151092529297,2244200
2022-07-18,90.73168418842565,90.91841085814485,89.45855486812633,89.48401641845703,2228100
2022-07-19,90.01025075586986,90.36672543211596,89.49251095088201,89.57738494873047,2097300
2022-07-20,89.67923048218874,89.8319997808546,87.28574119556322,87.41305541992188,2981000
2022-07-21,87.34514802656162,88.0496078829933,86.71706633342411,87.8798599243164,3085300
2022-07-22,88.4739994974845,89.11905350743199,88.2193775156028,89.10208129882812,1501200
2022-07-25,88.80500704143866,89.98477296732653,88.60979751511,89.9508285522461,1432500
2022-07-26,89.7810673557957,91.08814740420281,89.55190695612922,90.8335189819336,1788900
2022-07-27,90.5279805243004,90.69772850117789,89.85746500733494,90.40914916992188,2003700
2022-07-28,91.18153224008311,92.74323460374703,90.51101661368241,92.47163391113281,2326300
2022-07-29,92.16608105455136,93.71930052944798,92.14061950176145,93.30341339111328,2522500
2022-08-01,93.2524904653253,93.82964273973712,92.48012216002911,93.23551177978516,2386900
2022-08-02,93.60896904658509,94.50015581034567,92.8790409493308,93.0403060913086,2182500
2022-08-03,92.87052927674425,94.33887446133197,91.2069745755656,94.05878448486328,2784900
2022-08-04,94.89057762180131,95.04335340412686,92.93844334491612,93.13365936279297,2963500
2022-08-05,92.64137485514723,92.92994771586713,91.07966624419677,92.64986419677734,3033600
2022-08-08,93.2524935761527,93.8805689771946,92.31886010443596,92.54802703857422,3130300
2022-08-09,92.84507868287479,93.49862203840708,92.64137980116959,93.20155334472656,2366400
2022-08-10,93.61743977765741,93.78718775353907,92.95540713059039,93.41373443603516,2907400
2022-08-11,93.49511423732326,94.12041000447762,92.80128440200409,92.94690704345703,2640900
2022-08-12,93.47798153019116,94.50587494692041,93.32379784443904,94.43734741210938,3302700
2022-08-15,94.53158156663355,95.15687741911182,93.90627917900915,95.06266021728516,2163200
2022-08-16,95.062651671114,96.34751356689229,94.90846798221477,96.03057861328125,2504400
2022-08-17,95.85927424331827,96.70728133489085,95.79930774281141,95.9620590209961,1894500
2022-08-18,96.02200783550371,96.85288621269036,96.02200783550371,96.43316650390625,1744300
2022-08-19,96.60448871031079,97.36683963175147,96.21046515255519,96.9985122680664,2091800
2022-08-22,96.7758093477236,97.03277782831478,95.79074716759207,95.97919464111328,2282400
2022-08-23,96.06483457352583,96.06483457352583,94.90846026834109,95.10546875,1489700
2022-08-24,95.25109343481225,95.38814850844311,94.5058777111677,95.01982116699219,1796400
2022-08-25,95.11406138518235,95.18258893387762,93.88915922662788,94.82282257080078,2612200
2022-08-26,94.94272714218431,94.98555848697113,93.03256941137246,93.13536071777344,3367000
2022-08-29,92.86126038986035,94.15468339834567,92.16743048359675,93.53794860839844,1773300
2022-08-30,93.3323610199785,93.58076842059843,91.87618691719429,92.23594665527344,1919800
2022-08-31,92.23595269040914,92.98973598167876,91.439338055313,91.5763931274414,2890900
2022-09-01,91.68773616503128,92.98116550257951,91.43076119844862,92.67279815673828,1612200
2022-09-02,92.74134281639469,93.59791754339071,91.37939213734136,91.65349578857422,1496200
2022-09-06,91.85048994040308,92.81841680889589,91.15666012559518,91.4478988647461,2037500
2022-09-07,92.056071126162,94.51443598741274,92.04750355052427,94.43734741210938,3324400
2022-09-08,94.12041962833239,94.84851330460927,93.11822886224108,93.53794860839844,2390800
2022-09-09,93.86346149199821,94.54871736228503,93.289557985157,94.12042999267578,1456200
2022-09-12,94.18894267878873,95.3024922781317,94.13755029379142,94.97698974609375,1653700
2022-09-13,94.35168340901562,94.6686117946367,92.15028718379313,92.67279815673828,2387900
2022-09-14,92.78416472622844,94.17181799542422,92.78416472622844,93.59790802001953,2309800
2022-09-15,92.97259570729601,93.0925156127987,90.88255186542955,91.03673553466797,3103000
2022-09-16,91.5935194290821,92.15885524946044,90.7112486637757,90.89112854003906,4565300
2022-09-19,90.65129840267554,91.52500168587068,90.22301106999936,91.49073791503906,1783400
2022-09-20,90.81403664630203,91.01105168069843,89.57200608448251,90.48854064941406,1622400
2022-09-21,90.83117417542957,91.54213268383725,89.31503342689047,89.33216857910156,1495600
2022-09-22,89.16942958663967,90.44572412597792,88.73257463714661,89.66624450683594,2324900
2022-09-23,89.04091846154321,89.3150220456804,87.81601664036724,88.83534240722656,2297600
2022-09-26,88.65547532400717,88.74969905730812,85.5889365414664,86.37698364257812,2812800
2022-09-27,86.59113091458744,86.96802586351194,83.91005452966895,84.21842193603516,4027900
2022-09-28,85.18633208803722,85.82876296814351,84.08135672518185,85.3233871459961,2338200
2022-09-29,85.10925285416933,85.14351662241714,81.33175572795477,81.46024322509766,3104500
2022-09-30,82.01701749962702,82.31681730095164,79.49012505756095,79.6785659790039,5163600
2022-10-03,80.91204239528956,82.2397357454081,80.04690015033854,81.65726470947266,3786800
2022-10-04,82.2311554078242,83.37040110847158,81.6058531214467,83.19052124023438,3105700
2022-10-05,82.14550542119771,82.34251391945425,80.0468937307703,80.53514099121094,3865500
2022-10-06,80.22678073248844,80.30386931015629,77.64848933866291,77.75127410888672,4230800
2022-10-07,77.72557532696223,77.94828654693706,75.88393867843959,76.29509735107422,3162700
2022-10-10,76.3293684315506,77.21163928522026,76.25227331391896,76.36363220214844,2982300
2022-10-11,76.06382167784703,77.51999578010027,75.94390176519772,76.68911743164062,4892500
2022-10-12,76.23512121658534,76.4835285755533,73.58830947076628,73.63970184326172,4243000
2022-10-13,72.80884633476474,75.8239862722225,71.74669558278083,75.37000274658203,7258400
2022-10-14,76.14092242829999,76.62916973222359,74.0080533148597,74.36781311035156,4711100
2022-10-17,75.37855489332333,77.05744010445726,75.2672025626103,76.32078552246094,3704400
2022-10-18,77.33156180996974,78.03395279293237,76.93753823759033,77.7855453491211,3009900
2022-10-19,76.76620691219146,77.40863776936234,76.08094471715134,76.48353576660156,2611700
2022-10-20,76.23512808207454,76.38074417402133,74.28213932964005,74.718994140625,4057700
2022-10-21,74.87319120092963,76.3207978750749,74.4534649288544,75.77259063720703,2789000
2022-10-24,76.286525255173,76.93752372529295,75.4128221134198,75.96959686279297,2318600
2022-10-25,75.98674394734464,77.62280482784351,75.97817637015476,77.29730224609375,2781000
2022-10-26,77.73415295907263,78.31662400849137,77.08315436615845,77.7855453491211,2938300
2022-10-27,78.4964873427723,79.07039069434998,77.86262403707671,77.9825439453125,3367400
2022-10-28,78.17100040882546,80.70646045951698,78.17100040882546,80.51801300048828,3139200
2022-10-31,80.2695808903014,80.72356424642311,79.30165423545971,79.81559753417969,3237600
2022-11-01,80.1497024583423,80.65508498031919,79.43018277502915,80.29531860351562,2889100
2022-11-02,80.06403725009152,81.70865908502196,79.43873485147255,79.55865478515625,3061200
2022-11-03,78.79630194462234,80.35526758026535,78.44510972872797,79.84989166259766,3132300
2022-11-04,81.07478302451895,81.19470293953563,78.32517948424464,80.18394470214844,4813400
2022-11-07,80.08973914718047,80.14113154094775,77.40009495424732,79.00189208984375,4501300
2022-11-08,79.25885258623869,80.53514700530599,79.09610130888957,79.83275604248047,2876600
2022-11-09,80.20107394145879,80.86064001432464,79.7813542356366,80.04689025878906,2742400
2022-11-10,82.11123503193863,83.39609682792955,80.74071708991065,83.17338562011719,3601900
2022-11-11,83.26763118058119,83.30189495501166,80.90348302605288,81.52021789550781,3286300
2022-11-14,81.93135911869005,82.60805381478635,81.60585659883758,81.76004028320312,4782300
2022-11-15,82.74509796739693,83.49032015823497,82.08553845733995,83.19908142089844,4625600
2022-11-16,83.40467416951088,84.86941600423997,83.40467416951088,83.8929214477539,3645300
2022-11-17,83.35199198659151,83.72413800361782,82.15766613336498,82.66828155517578,2755500
2022-11-18,83.48183128546019,84.1482356745622,83.08372257380881,83.7674331665039,3680500
2022-11-21,83.55972385692291,84.42517928121875,83.23950297288914,83.98379516601562,3314500
2022-11-22,84.3732505594106,85.41180106838551,84.19150570599274,84.53768920898438,2334000
2022-11-23,84.35593024416268,85.40313037842917,84.33861744031363,85.28196716308594,2726000
2022-11-25,85.68007488171644,86.53687378172161,85.59353067211288,86.21665954589844,1275700
2022-11-28,85.85316766973327,86.25128293938845,85.005025128399,85.3425521850586,2283800
2022-11-29,84.84059839394521,85.01369344912756,84.15688778250268,84.76271057128906,2127400
2022-11-30,84.45113604809802,86.90902611375462,84.17419059558883,86.48495483398438,6052200
2022-12-01,87.27251014230836,88.18989725931728,86.44167383847198,86.8138198852539,3329800
2022-12-02,86.01762773655966,86.32919226695829,85.2473728149914,86.13013458251953,2097700
2022-12-05,85.45505261943279,86.16472568592202,85.26465140109913,85.7925796508789,2212500
2022-12-06,85.87913384127467,87.15134760831154,85.72335162040687,86.9869155883789,2828800
2022-12-07,86.84844269439066,87.63601022904062,85.96568114630087,86.18204498291016,2635600
2022-12-08,86.20801058232365,87.10808496624139,85.95702773078789,86.93498992919922,2065900
2022-12-09,86.61477204103421,87.34175135748667,86.55419043132984,86.84844207763672,1998200
2022-12-12,87.78313577527165,88.64859111896834,86.80517361393848,88.55339050292969,2734900
2022-12-13,89.44481844995632,90.30161748718982,88.63994462622152,89.22845458984375,5581400
2022-12-14,89.34960322626407,91.32284025165956,88.82167496560474,89.40153503417969,4468700
2022-12-15,89.19383864893634,89.41885892000838,88.22453274813594,88.71784210205078,3631400
2022-12-16,88.34567194800226,88.38029094974021,85.84450684780597,86.83977508544922,10623600
2022-12-19,86.65804756561158,87.69659801622836,86.29455787920105,86.74459838867188,3628800
2022-12-20,86.61477284484808,87.34175216804714,85.85316791246777,86.72727966308594,2394300
2022-12-21,87.15135769218553,88.35434019139488,87.10808888315475,88.20721435546875,2269400
2022-12-22,88.01681333065395,88.25914639402386,86.72728660721442,88.2331771850586,2312200
2022-12-23,88.12067371241795,89.27173104636574,87.46292572117622,89.13325500488281,1803300
2022-12-27,89.21980545916045,89.99006693861611,88.7524652937761,89.72177124023438,1698500
2022-12-28,90.00734305116016,90.42276446282584,88.85628602167544,89.05534362792969,1687600
2022-12-29,89.40154873243274,90.37085459004395,89.40154873243274,89.86888885498047,1444600
2022-12-30,89.90350982765364,90.00736685876582,88.26779955431776,89.13325500488281,2055600
2023-01-03,89.31498353543618,89.83426199320141,88.44087844419113,89.74771118164062,2688900
2023-01-04,90.24101974735129,91.20167564284534,89.87753011200213,90.70836639404297,2819900
2023-01-05,89.87754362660849,90.31892773755905,88.63994211767319,89.36692810058594,1920600
2023-01-06,90.18044581316934,91.55652326819754,90.00735738244019,91.02859497070312,2157300
2023-01-09,90.89877830208944,92.11041716529523,90.66510825271646,91.0372543334961,2358300
2023-01-10,90.76895389095975,91.27957597624251,90.41412063425163,91.24495697021484,2244500
2023-01-11,91.24494264146584,91.82479604484575,91.02857883994504,91.44400024414062,2358800
2023-01-12,91.55651960743074,91.85077124848512,90.71702688586954,90.94204711914062,2350100
2023-01-13,90.44007782301942,91.26225770752329,90.23237040218999,90.85549926757812,2722900
2023-01-17,91.02859791524055,91.24496176210098,90.0939045121073,90.19776153564453,3552700
2023-01-18,90.36220770178267,90.50933354521115,88.28511327826463,88.4928207397461,3152600
2023-01-19,88.49282238736824,89.07267597137155,87.89565599622678,88.25049591064453,3025900
2023-01-20,88.16392664777234,88.37163405413844,86.58879839345575,88.12065124511719,3968400
2023-01-23,87.86968281357225,88.5793559540995,87.19462868025373,87.40233612060547,3326700
2023-01-24,87.69658979587062,87.83505921456613,85.81855332255572,87.73120880126953,3048200
2023-01-25,86.79652052834784,87.80044533188972,86.52823147447812,87.77448272705078,2066600
2023-01-26,87.32446528294501,88.02548215722672,87.1946456313998,87.70526123046875,2093500
2023-01-27,87.59273538052001,88.25913969916097,87.04750088582313,87.91295623779297,2277000
2023-01-30,87.61004103573495,88.41491471150091,87.55810922888244,87.96487426757812,2470900
2023-01-31,88.27642611595816,88.7610788915103,87.45424635701809,88.66587829589844,3722600
2023-02-01,88.06008674548588,89.33230723699533,87.61870264369877,88.7437973022461,3054300
2023-02-02,88.8043749646165,89.86023155964784,88.27644666710083,88.31106567382812,3796600
2023-02-03,87.84371794694802,88.10335719287745,85.2127328929377,87.04750061035156,4331100
2023-02-06,86.67535469247127,88.19855795850282,86.58015407566303,88.11200714111328,3050300
2023-02-07,87.48023112337808,87.54081273567388,86.15608545255503,87.25521087646484,2672600
2023-02-08,86.71861504301965,86.79650945049531,85.53294555403187,85.83585357666016,3328600
2023-02-09,85.92240493618077,86.87440448779965,83.94916782117794,84.4251708984375,4403000
2023-02-10,84.26072939366999,85.86182039438272,83.75010732796594,85.77527618408203,2633200
2023-02-13,85.58488698281373,86.89172653151151,85.58488698281373,86.58016204833984,1931400
2023-02-14,86.53687927821214,86.92633815051502,85.74066193464678,86.08684539794922,2190700
2023-02-15,85.68008533607497,86.06088782827466,85.29063304388949,85.90510559082031,3276800
2023-02-16,85.2449880529225,86.33787251513945,84.3269624364853,85.9356918334961,2150000
2023-02-17,86.17174936942628,87.4220094236897,85.57721997291422,86.98485565185547,3041300
2023-02-21,86.5477151914019,86.84498327059754,85.33242805242172,85.40237426757812,3262600
2023-02-22,85.21002794342986,86.13679197417292,84.95647790907898,85.2187728881836,2070500
2023-02-23,85.5684883044671,85.76957531958615,84.28325504880868,84.6679458618164,1889400
2023-02-24,83.78490005564562,84.84281146567245,83.48763199894944,84.7378921508789,2320800
2023-02-27,84.8253294154882,85.60346939883782,83.66250525366553,83.76741790771484,2416300
2023-02-28,83.48763372420339,83.97725053292005,82.34229286339925,82.41223907470703,3155500
2023-03-01,82.20241106975577,82.21990096006313,80.24396359297066,80.35762786865234,3373100
2023-03-02,80.23521784433133,82.15869886211716,80.19150645987808,81.98383331298828,2589000
2023-03-03,82.14993977840892,83.45265621062792,81.53792713788657,83.40019989013672,4061800
2023-03-06,83.4876382075347,83.9685100980515,83.34775244784504,83.91605377197266,2709100
2023-03-07,84.03845646015581,84.0821678418186,81.29313088325586,81.76525115966797,2817000
2023-03-08,81.87890773405928,82.91059096459239,81.75650520420261,82.77069854736328,2450000
2023-03-09,83.06798514475757,83.99474926928092,81.9576105140182,82.37728118896484,2750800
2023-03-10,82.5521333786393,82.72699892502347,80.74231666380405,81.1619873046875,2629100
2023-03-13,81.06579856788774,84.39690825903106,81.06579856788774,82.33354187011719,4542700
2023-03-14,82.91933202909678,84.0471896668318,82.2636013097465,83.13790893554688,3778300
2023-03-15,83.05922562631868,85.23624977764379,82.7707025048169,84.65921020507812,3856800
2023-03-16,84.60675918754221,86.25046204906253,84.37944397215485,84.98271179199219,4859300
2023-03-17,84.37067998097203,84.92149134529346,83.67997620450952,84.27450561523438,5914300
2023-03-20,84.68543691839172,85.3324226918494,84.51057806192352,85.07887268066406,3159900
2023-03-21,84.8690416318995,84.93898784341444,81.8002199736701,82.8581314086914,4087400
2023-03-22,82.5783529235105,83.0242516821993,81.23192504430368,81.26689147949219,3089700
2023-03-23,81.31059751615923,81.86140883991142,79.88547869223328,80.04285430908203,2764400
2023-03-24,80.13903488396728,82.54338069594561,80.13028994056491,82.50840759277344,3608700
2023-03-27,82.83190412885725,83.3827222123543,82.46469652015116,82.78819274902344,2718100
2023-03-28,82.69202176150976,83.77616141418407,82.48218311613675,82.84065246582031,3004000
2023-03-29,83.0592335687665,84.27452076840073,83.05048862382594,84.16960144042969,2348400
2023-03-30,84.326991594069,84.90403799145373,83.671260690008,84.07344818115234,2500300
2023-03-31,84.2832658892514,84.79910424436564,83.8635952469298,84.34446716308594,3205200
2023-04-03,83.15539882350807,84.53680647317772,82.61332569415421,83.13790893554688,6259100
2023-04-04,83.0242688997049,84.18709988878648,82.80569194704019,84.1346435546875,5001100
2023-04-05,84.80784206689599,86.81000738624743,84.6067483723632,86.41656494140625,4461100
2023-04-06,86.99360584974315,87.23841090948748,86.03186882770285,87.20343780517578,2879600
2023-04-10,86.79251514393299,86.91492434844054,85.73460371636598,86.67011260986328,2628500
2023-04-11,86.7138342031175,87.08104182033341,86.2504522094253,86.86246490478516,1804500
2023-04-12,87.22095392648531,87.45701411354347,86.53024991706683,86.91494750976562,1941600
2023-04-13,86.18051599632129,86.83624681906,84.88653757112381,86.67887115478516,3211300
2023-04-14,85.79579468206359,85.95317030274855,85.09635266713701,85.36738586425781,3217700
2023-04-17,85.83953281388628,86.32914300595378,85.21877512881824,86.0406265258789,2214300
2023-04-18,85.81330666556264,86.09308487766585,85.00894513957077,85.16632080078125,1974200
2023-04-19,85.60345913062095,86.16301545322574,85.27121797814854,86.03186798095703,2125500
2023-04-20,86.34661570913107,86.40781697095775,85.46356321382842,85.8744888305664,1989400
2023-04-21,86.38160763649674,86.68761401231703,85.40238056343314,85.99691009521484,2186500
2023-04-24,86.20674491742257,86.8012744687333,85.29746403480387,86.46903991699219,2153100
2023-04-25,86.56519699519055,87.77173907697518,86.51273400350419,87.20343780517578,2770800
2023-04-26,86.55645282718525,87.14223732117127,85.7870645367456,85.98815155029297,2677700
2023-04-27,86.04061280170055,86.99360486931316,85.96192165027668,86.96737670898438,2285300
2023-04-28,86.80127014050667,87.29088033348803,85.83953297410532,86.45154571533203,1995000
2023-05-01,86.42530750279815,87.54442019689596,86.1979856522977,86.63513946533203,3231900
2023-05-02,86.5564600609398,86.74006387273768,85.00893840696429,85.33242797851562,2576200
2023-05-03,85.76083590693722,86.32039895096426,85.00893744965809,85.09636688232422,3174000
2023-05-04,85.31493834559616,86.11055480356897,84.9040127008512,85.7783203125,3067100
2023-05-05,85.80454426041666,86.9236568811066,85.45481989884172,86.87120056152344,2588900
2023-05-08,86.64389880307932,87.26465652025922,85.90073853155063,86.46903991699219,3099800
2023-05-09,85.43733749437912,86.00563875353437,84.95646565883912,85.72586059570312,4174800
2023-05-10,86.3990929372342,86.99362248333485,85.79581844577415,86.67887115478516,3008200
2023-05-11,86.55962568073122,86.85993135155398,85.60570165797,85.96784210205078,1824300
2023-05-12,86.37413440612453,86.8864276430843,85.68519158202334,86.07382202148438,2216000
2023-05-15,86.25046887684772,86.42711844459254,84.86374887992883,85.08456420898438,2020400
2023-05-16,85.22588473828871,85.3142095244648,83.02656589038261,83.035400390625,2209000
2023-05-17,83.2032367707963,83.47705243843943,81.7900196138111,82.1609878540039,2967400
2023-05-18,81.62219518987561,82.16097848370794,81.25122025324079,81.97549438476562,2775800
2023-05-19,82.3729716560245,82.7881056507109,81.71052551269531,81.71052551269531,2388500
2023-05-22,82.05498438671931,82.32879326091233,81.08339820655894,81.23355102539062,2725100
2023-05-23,80.86259488296662,81.59569682340143,80.02349239538972,80.1559829711914,3694200
2023-05-24,80.36795137498694,80.71242277535413,79.52002125571774,79.63484954833984,2820300
2023-05-25,79.49352801779077,79.50236251886493,77.93015826515749,78.51310729980469,3621600
2023-05-26,78.35411800915338,78.45127730228288,77.30303478643417,78.34528350830078,3065500
2023-05-30,78.43362487551317,79.01657396864678,77.62985366586999,77.73584747314453,3002600
2023-05-31,77.99199751342492,79.27272406465154,77.6475260482329,78.86642456054688,4150000
2023-06-01,79.22853259845776,79.23736709793769,77.42668555197159,77.8329849243164,3659200
2023-06-02,77.72699715862905,79.4051950359402,77.02038539805093,79.21087646484375,3835600
2023-06-05,79.49352449242019,80.40328263896686,79.23737788262801,79.63484954833984,2513200
2023-06-06,80.15598184484625,80.3061346838946,79.24622356987618,79.27272033691406,1970800
2023-06-07,79.3522112669483,81.04807849706941,78.79575893849095,80.88025665283203,2531900
2023-06-08,80.64177520619452,81.27771780640772,80.05881939922794,81.26005554199219,3156700
2023-06-09,81.2600662453549,81.4013913342952,80.66828259760749,80.83609771728516,2647600
2023-06-12,81.03040021789124,81.03040021789124,80.25313259967099,80.72126007080078,3131300
2023-06-13,79.71434495941736,80.39445330316238,79.40520480316961,80.16481018066406,3630600
2023-06-14,80.9244313160033,81.86952097127704,80.14715678465578,80.24431610107422,3433000
2023-06-15,80.68591660343543,81.20704426293455,80.26195496261292,80.9862289428711,3038500
2023-06-16,81.4190444946289,82.11682188103782,80.95091698268695,81.4190444946289,8693700
2023-06-20,81.27773126491907,81.47204989941785,80.29731706688214,80.3326416015625,2851900
2023-06-21,80.10298230024551,81.13639656968384,79.440536219003,80.95091247558594,2435300
2023-06-22,81.40139419490137,81.4897190092174,79.83801735262712,80.28848266601562,2563800
2023-06-23,80.5534467057641,80.862593624072,79.0872361089703,79.24622344970703,3800200
2023-06-26,79.54651559428932,80.42977695061498,78.91940083994803,80.23545837402344,2209100
2023-06-27,80.31496023671966,80.48278206092736,79.90866079699288,79.95281982421875,2283200
2023-06-28,79.88215923202114,79.92631825659308,78.52193593446745,78.6985855102539,2410500
2023-06-29,78.04497948830536,78.8575783761352,77.81532963261438,78.5042724609375,2538100
2023-06-30,78.61910837369751,79.3875415695317,78.30113369309353,79.26388549804688,2736200
2023-07-03,79.25505152086416,80.19130648548459,79.03423616213293,80.12947845458984,1181000
2023-07-05,79.53770256423235,81.65752482103817,79.49353679273614,80.91558837890625,3073800
2023-07-06,80.44745893279108,80.57994950536906,79.71435027144335,79.9881591796875,2101000
2023-07-07,79.51119776163327,79.99699428516809,79.2285543494177,79.2903823852539,2208500
2023-07-10,79.08723171472654,79.35220610873158,78.23046702273498,78.8045883178711,2312300
2023-07-11,79.43171715117262,80.33264103166029,79.04307988493217,80.27081298828125,3051100
2023-07-12,80.46511453462385,81.72817864294218,80.34145847412415,81.5780258178711,2566300
2023-07-13,81.56919927385219,82.41712951660156,81.10107175075883,82.41712951660156,2912100
2023-07-14,82.22280881283774,82.54961798986265,81.81650933636777,82.15215301513672,2833200
2023-07-17,81.93133404997708,82.03732111125612,81.0392380979615,81.06573486328125,1921300
2023-07-18,81.09222446103006,81.95782357121742,79.64367634908345,80.29729461669922,2279900
2023-07-19,80.57110978612356,81.80767715219292,80.54461302107386,80.95091247558594,1970400
2023-07-20,81.2600505406474,82.44361760740038,80.71242603496701,82.31996154785156,2428700
2023-07-21,82.62027287811078,83.90099922367052,82.29346373133876,83.71551513671875,2694300
2023-07-24,83.90983338583557,84.16598000166336,83.12373127532088,83.70668029785156,2248700
2023-07-25,83.52120884923946,84.32498008315382,83.1237438527713,84.1659927368164,2648500
2023-07-26,83.9628339824683,85.15524236933928,83.80384664680219,84.40446472167969,2196700
2023-07-27,84.0334948658137,84.56345039469755,83.03541184076992,83.41521453857422,2841800
2023-07-28,83.95400952141368,84.20132166689855,82.20514876030548,82.4436264038086,2567000
2023-07-31,82.79692028085972,83.17672294567443,82.09914297858388,82.69093322753906,2902800
2023-08-01,82.6556195547806,82.86760044528654,81.37488623166948,81.3925552368164,2422100
2023-08-02,81.26006003252614,82.24931536322016,81.14523846060432,81.72818756103516,2295000
2023-08-03,81.51619566407264,81.68401748698605,79.67017582827437,79.8203353881836,2880500
2023-08-04,80.13830915842796,80.87141099322758,78.53960145461878,79.01656341552734,3043500
2023-08-07,79.12256713767994,79.58186015466363,79.06956686509493,79.19322967529297,3604500
2023-08-08,79.74084553535648,81.4367059638919,78.82225278521221,81.3748779296875,5240800
2023-08-09,81.14521842157288,82.35528209521094,81.03922463914698,81.98431396484375,3219200
2023-08-10,82.44362348264995,83.01774479361207,81.86950891043816,82.06382751464844,3635500
2023-08-11,82.14331015050205,83.01773704912522,82.09031662293388,82.86758422851562,2428700
2023-08-14,82.92057638189621,82.92057638189621,81.67518133343562,81.95782470703125,2340400
2023-08-15,81.31303672380807,81.54268655883138,80.68592198167644,80.76541900634766,2669700
2023-08-16,80.98625890575241,81.5515457951569,80.65944968519774,80.99508666992188,2382100
2023-08-17,81.14246417436767,82.3483517382799,80.87449446066313,81.01741027832031,2578600
2023-08-18,80.84769233728748,81.6873388908892,80.76729665852865,81.46402740478516,2766400
2023-08-21,81.10673316642118,81.37470285645408,79.61500728404299,80.06163024902344,3910700
2023-08-22,80.06164008320653,80.27602403947694,79.5524901131856,80.02590942382812,2365900
2023-08-23,80.70477329624248,80.75837268943538,79.61501210530912,80.69583892822266,2231500
2023-08-24,80.51718985538434,81.60695101110092,80.26708207832004,80.3832015991211,2376000
2023-08-25,80.57077947309784,81.58907927942195,80.3831986471882,80.91021728515625,2374600
2023-08-28,80.91914594283088,81.43723022047196,80.39213411259044,80.40999603271484,2128800
2023-08-29,80.39213431316988,81.24964959471927,80.34746929035896,80.65117645263672,2279700
2023-08-30,80.40106490297651,81.13352626415058,79.91871130197039,80.34746551513672,2250900
2023-08-31,80.62437436214795,80.77622452489489,79.24877490067077,79.32023620605469,3139600
2023-09-01,79.72220578957639,80.0616368174359,78.15902528389842,78.54312133789062,3777700
2023-09-05,78.40912278306561,78.59670360133548,76.85487684959729,77.3997573852539,3155500
2023-09-06,77.63200798291945,78.25727741548361,76.96207352734683,78.15008544921875,3249700
2023-09-07,78.78429425648459,80.5886549878609,78.67710909833329,79.85619354248047,4765200
2023-09-08,80.00804911612512,81.43724144546934,79.7490069415992,81.30325317382812,3302700
2023-09-11,81.15139009545125,82.5984509325632,81.04420494709699,81.98210906982422,3992900
2023-09-12,82.0982315621541,82.7770935197443,81.19605132110702,82.28581237792969,3689300
2023-09-13,82.56273656624067,84.2867017966083,82.46447895091453,83.85794067382812,4383300
2023-09-14,84.54572990504256,85.49256842426192,84.28668776366779,85.26032257080078,4594400
2023-09-15,85.16205794627022,85.82306479659617,84.79583068345329,85.0191421508789,9702900
2023-09-18,85.08167397080503,85.26925479641416,84.10803918813016,84.8226318359375,3701700
2023-09-19,84.82264260166066,85.06382284728706,83.77754637708337,83.82220458984375,3291000
2023-09-20,84.21522809905845,85.2246003963776,83.75074319798102,84.29562377929688,2855800
2023-09-21,84.18843370439475,84.61719477381746,83.25052269842844,83.4381103515625,3129300
2023-09-22,83.08080738273767,83.82219633890517,82.80389650520452,83.36664581298828,1973000
2023-09-25,82.92002352951668,83.42023908288459,82.45553181716723,83.3487777709961,2376500
2023-09-26,83.07187036794998,83.12546294224991,81.06206705259635,81.39257049560547,3000600
2023-09-27,81.3746991775511,81.65161003746941,79.7311300118921,80.47251892089844,3715400
2023-09-28,80.93702358780662,80.93702358780662,79.02547762255828,79.21305847167969,4489700
2023-09-29,80.07055985223295,80.35639826021577,78.27513373166178,78.83788299560547,3900500
2023-10-02,78.37340088740795,78.59671238386221,75.1577167014518,76.31893920898438,6498300
2023-10-03,75.92590564584967,76.87274417077461,74.47884475546138,76.60477447509766,5606500
2023-10-04,76.6047691314791,77.18538032066688,75.80978083771863,76.92633819580078,3322900
2023-10-05,76.71195293055781,76.8370068072752,75.68472563108294,76.35466003417969,3716400
2023-10-06,75.32742662007662,77.74812213464632,74.19300053726161,77.64093017578125,3511900
2023-10-09,77.41761283278643,78.82894285027702,77.15857072970844,78.81108093261719,3008500
2023-10-10,78.82895535285992,79.5078241853244,78.48058997638128,79.44529724121094,2619500
2023-10-11,79.85619713662174,80.4993353741802,79.18626260831942,80.2760238647461,2658900
2023-10-12,79.97232308252914,80.41894613721985,77.8821304577416,78.63245391845703,3172500
2023-10-13,79.44530434841751,79.98125060518245,78.65031592431546,79.21305847167969,3277000
2023-10-16,79.49889008768004,80.26708215506967,78.98080579759387,79.90978240966797,2993500
2023-10-17,79.29343113208209,80.17774943061971,79.03439583263066,79.46315002441406,2911500
2023-10-18,79.4720985336457,79.87405651183917,78.27514533748479,78.7753677368164,2790100
2023-10-19,78.53418016616486,79.36489914981311,77.95356895136973,78.40912628173828,3134300
2023-10-20,78.16797319051757,79.37385414076667,77.72135011154181,77.73921203613281,3468400
2023-10-23,76.99778816976672,78.26620243347095,76.63156092156417,77.1139144897461,3172100
2023-10-24,77.81064707029437,78.8378811677974,77.56053932097365,78.3912582397461,3213100
2023-10-25,78.2840743113253,78.99867379545643,77.86424762551768,78.73963165283203,2652800
2023-10-26,79.00760911351587,80.16883168562926,78.80216634171093,79.67754364013672,3033500
2023-10-27,79.37384035248672,79.60608622138962,77.79279111120225,78.18582153320312,2764300
2023-10-30,78.46272750868532,79.20412334448709,77.76599670007214,78.51632690429688,2426900
2023-10-31,78.91828111773103,79.436365422683,78.52525751994506,79.400634765625,3094500
2023-11-01,79.67753976717492,80.38320491870579,78.89148574752176,79.98124694824219,3944500
2023-11-02,79.9455112780768,80.92808044476635,79.48995394250298,80.29387664794922,4553000
2023-11-03,81.4283032209665,82.15183025211809,80.59758422356346,80.64224243164062,4022900
2023-11-06,80.5529364703831,80.91023628623074,79.91873253434393,80.14204406738281,3370700
2023-11-07,80.3921387497022,80.40107311774257,79.6060847353007,79.7490005493164,3054500
2023-11-08,79.30237725332177,79.47209617081023,77.85532312290763,78.92721557617188,3623800
2023-11-09,79.0790503510394,79.82938037408182,78.52524231121669,78.56990051269531,3441800
2023-11-10,79.02546264889524,79.21304346247403,78.36446261796162,78.84680938720703,2491100
2023-11-13,78.775358008053,78.95400446187031,77.36402785215004,77.73025512695312,3396400
2023-11-14,79.16837950528657,80.30280558371732,79.05225999482543,80.25814056396484,5739200
2023-11-15,80.18667800113309,81.21391210500767,79.65966621392772,80.04376220703125,3175600
2023-11-16,80.73501100230116,81.84641935429642,80.73501100230116,81.4849853515625,3872300
2023-11-17,81.90063668473948,81.93678077643987,81.03319916527215,81.33138275146484,3340600
2023-11-20,80.88862439171766,81.35849069929687,79.75914735551093,80.6898422241211,3637300
2023-11-21,80.89764557843353,81.25907953478992,80.17478455950007,81.21389770507812,2483900
2023-11-22,81.32233127817013,81.71990932598392,80.88860914475693,81.64762115478516,2553200
2023-11-24,81.53919890031473,82.0361715210451,81.25005307382986,81.9909896850586,1472400
2023-11-27,82.09941589135947,82.34337986383885,81.47594244845251,82.16266632080078,2439400
2023-11-28,82.18978419594217,83.06625947960342,81.97292653511055,82.34339141845703,2774300
2023-11-29,82.42470329966649,82.84938769616421,81.6476226792195,81.96387481689453,2986800
2023-11-30,82.8222684207213,83.4909166779242,82.33433367288833,83.38248443603516,4959400
2023-12-01,83.31020091536992,83.71681667476953,82.72287853031305,83.70777893066406,4016400
2023-12-04,83.14756697134514,84.24090665779718,83.14756697134514,83.78911590576172,2796500
2023-12-05,83.90658020000406,84.0059747183526,83.03914277114562,83.55418395996094,2601200
2023-12-06,83.8975313519469,84.90050725434936,83.716817830017,84.88243865966797,3260400
2023-12-07,84.84629914758199,85.7408428487523,84.33125799917734,85.35230255126953,3813000
2023-12-08,85.34326755309401,85.6053070080879,84.7559451093893,85.28905487060547,3271700
2023-12-11,84.97279258558726,86.20166379629133,84.56617683414296,86.16551971435547,4989100
2023-12-12,86.2829971924373,86.29203493787242,85.04509492524298,86.138427734375,3942700
2023-12-13,86.29204124571332,88.67749607524422,85.70471183753615,88.62328338623047,3970200
2023-12-14,89.23771629987534,89.88829612246425,88.54195464202546,88.83110046386719,6870800
2023-12-15,88.54195125322364,88.68652760550115,86.40046746190721,87.31307983398438,8742700
2023-12-18,87.82812410478809,88.84917567065922,87.42151516386357,87.80101776123047,4277100
2023-12-19,88.10821908705739,88.13532542446616,87.15945591507935,87.4757080078125,2711900
2023-12-20,87.3221111354016,87.89136496948072,86.33721065986764,86.45467376708984,3428500
2023-12-21,86.68960450996613,87.19560790423004,86.03902477803871,87.06910705566406,3072500
2023-12-22,87.50283667833857,88.22570469803453,87.03297729118242,87.52091217041016,1927500
2023-12-26,87.30404786533833,88.10823485669854,87.13236517265025,87.4034423828125,2228300
2023-12-27,87.10525697772519,87.44861546201854,86.76189159965216,87.01490020751953,1987600
2023-12-28,86.79803836202926,87.70161987949791,86.7438256769907,87.57511901855469,1912700
2023-12-29,87.32212159947422,87.89137550176875,87.0600821192427,87.68355560302734,2295300
2024-01-02,87.21367450503786,88.80397971407147,86.86127830726606,88.3792953491211,3352200
2024-01-03,88.48773258996792,89.3551699636911,88.09919228669594,89.25577545166016,3687400
2024-01-04,89.45456474299382,89.77081687595559,88.8762731587839,88.99373626708984,2423700
2024-01-05,88.9937433366949,89.22867646574922,88.16244998007818,89.03892517089844,2192100
2024-01-08,88.89434185164646,89.85214289023386,88.60519605922637,89.80696105957031,2453400
2024-01-09,89.22867426695753,89.80696588285618,89.02084748603464,89.535888671875,2024900
2024-01-10,89.90636962234497,90.2858722416204,89.54493560189098,89.70758056640625,3076700
2024-01-11,89.4636136353123,89.4636136353123,87.50283637907161,87.78295135498047,3063500
2024-01-12,88.29798825546382,89.25578247169744,87.91848566719541,88.96663665771484,2791900
2024-01-16,88.4244948961154,89.40939551961284,88.15341766176506,88.5781021118164,3527100
2024-01-17,88.22569610289433,89.17445942459216,86.71671666960094,87.4937973022461,3272700
2024-01-18,87.25887456525,87.26791231148047,86.1655416598992,86.6173324584961,2453700
2024-01-19,87.01490776532034,87.01490776532034,86.02096252538867,86.34625244140625,2965100
2024-01-22,86.38238979201344,87.00586323136847,85.56916506541552,85.89445495605469,2465500
2024-01-23,85.84928615724145,86.68961728586177,85.84928615724145,86.39143371582031,2903000
2024-01-24,86.77996323872644,86.87032000492212,85.07219485064441,85.42459106445312,3869800
2024-01-25,86.33721010512927,86.5450299776317,85.33423414644895,86.4998550415039,2460800
2024-01-26,86.40949351585131,87.01489834017447,86.05709729396594,86.62635803222656,3554100
2024-01-29,86.77092859893743,86.90646719997068,86.12034882900154,86.53599548339844,3149000
2024-01-30,86.46371391887524,86.85225423053961,85.63241371904432,86.31913757324219,3201200
2024-01-31,86.83418156429705,87.63836855513928,86.11132049396305,86.59021759033203,3678500
2024-02-01,86.15648804576749,88.41544162270831,85.61434056605754,88.3612289428711,2745900
2024-02-02,87.51185786946259,87.73775322116165,86.30106209336954,86.9426040649414,2519400
2024-02-05,86.2920422491439,86.8161212283057,85.62339379967085,86.06614685058594,3142600
2024-02-06,85.92156129797799,86.21071399523925,85.61434689780752,85.89445495605469,2171800
2024-02-07,86.26493162039121,86.39143248579917,85.64145814532326,86.29203796386719,2470800
2024-02-08,85.60530941943959,86.02095608237876,82.65060094633249,83.71682739257812,5581100
2024-02-09,83.36442161367944,83.78910597325472,82.79516092157684,82.84938049316406,4642800
2024-02-12,82.73191997235591,83.89754093515002,82.37952373869487,83.71682739257812,3925900
2024-02-13,83.68068108582814,83.96982688254197,81.59341008123084,82.777099609375,3428000
2024-02-14,82.4969896393629,83.12045615584785,82.16266201908878,82.53312683105469,3062300
2024-02-15,82.91239590716,84.44764163925707,82.72962440808905,84.40194702148438,2951900
2024-02-16,84.13691850352166,84.38365126803996,83.25049606488659,83.96328735351562,4120800
2024-02-20,84.07295539866365,84.78574673108581,83.62517747968391,84.01812744140625,2590700
2024-02-21,84.25572183754768,85.24266692294142,84.09123098998205,84.97765350341797,2781500
2024-02-22,84.33796675122599,84.61211350283294,83.43327061849108,84.1917495727539,4131500
2024-02-23,84.43849119065462,85.28835938631582,83.9998466175312,84.74005889892578,2494500
2024-02-26,84.50243795924439,84.59382018854996,82.72045311370837,82.8392562866211,3797700
2024-02-27,82.83013650009364,83.46068589100202,82.66564565777055,83.02204132080078,2962200
2024-02-28,82.93065673500078,83.38757495392642,82.63822935376913,82.92151641845703,3255400
2024-02-29,83.21393700564255,84.14605400047812,82.93979027988127,83.91759490966797,5245500
2024-03-01,83.84448752317746,83.96328374216657,82.32751579199316,83.03117370605469,3367600
2024-03-04,82.44631934399763,84.58469312727401,82.44631934399763,84.45675659179688,3724600
2024-03-05,84.78574840723853,86.147362824861,84.37452477564047,84.70350646972656,3679300
2024-03-06,85.41629152092062,86.19305108559028,84.959373309701,85.96459197998047,4229900
2024-03-07,86.73221383677591,86.93325198310268,86.11080482189959,86.33926391601562,2610600
2024-03-08,86.3392568045963,86.92411147959972,85.71784784090296,86.7596206665039,2266700
2024-03-11,86.64996696821645,87.62777163506861,86.3575395997752,87.58207702636719,1966900
2024-03-12,87.17084844101807,87.95674825592333,86.53116578796401,86.82359313964844,2878100
2024-03-13,87.2713851928711,88.0024571770117,87.18914325496533,87.2713851928711,3519200
2024-03-14,87.17998688852104,87.56379647212908,86.2113156420587,86.86014556884766,3540900
2024-03-15,86.22961235602297,87.4176025901225,86.22961235602297,86.54945373535156,6197000
2024-03-18,86.67737177394716,87.03376737365181,86.00113486322776,86.7596206665039,2736700
2024-03-19,87.05206095367203,87.35362167919244,86.40323791994822,86.94239807128906,2492600
2024-03-20,86.81445642665115,87.47241973824974,86.43064681889139,87.18913269042969,2682200
2024-03-21,87.26223285546948,87.77398596268203,86.75048672027512,86.77790069580078,2744900
2024-03-22,87.31709276953661,87.48158364178772,86.4123894861455,86.45808410644531,2308600
2024-03-25,86.7047900693206,86.96067010290457,86.25701221158018,86.6682357788086,2016000
2024-03-26,86.63169972680333,86.87843250482449,85.50767780643848,85.59906005859375,2823100
2024-03-27,85.99199922998561,87.8470859068911,85.92803096429984,87.81053161621094,3166200
2024-03-28,87.85622689712505,88.505049874639,87.51810493475098,88.37711334228516,2637600
2024-04-01,88.18520913173487,88.2674510579315,87.16170989406177,87.7922592163086,1859700
2024-04-02,87.85622767003389,88.97110915208386,87.23481866226923,88.22176361083984,2305600
2024-04-03,88.18520647143092,88.28572902620641,87.5820711427779,87.70087432861328,2278100
2024-04-04,88.4045257298286,88.52332891632221,86.99721692719234,87.83795166015625,2694700
2024-04-05,87.47241835835163,87.91105591115222,86.96067222274488,87.64604949951172,2525200
2024-04-08,87.39017239024403,88.23090717667182,87.30793046084283,88.01158142089844,2348500
2024-04-09,88.3679815764213,89.08991320570605,87.82882141962439,88.93456268310547,2460300
2024-04-10,87.46327942225024,87.80140139404905,86.36667855093144,87.18913269042969,2475500
2024-04-11,87.92934357285095,87.93848388943705,86.36668409352947,87.07947540283203,2116100
2024-04-12,87.3993128514097,87.65518592821807,86.46720278989085,86.72307586669922,2279800
2024-04-15,87.2256960367614,87.39018689488371,85.60820840857515,86.0194320678711,2623100
2024-04-16,85.90061348151025,85.90061348151025,84.75831808946889,84.86798095703125,2655500
2024-04-17,85.5076757736366,86.59514337288284,85.16955377947953,86.3575439453125,1768000
2024-04-18,86.73221943236749,87.75571177794694,86.09252974436163,87.6643295288086,2639200
2024-04-19,87.8196819857163,89.93064893905205,87.71002607314016,89.7752914428711,4212800
2024-04-22,89.67476749983548,90.01288949313746,89.28181755108622,89.66563415527344,2933000
2024-04-23,89.65651232233496,90.51552098553613,89.4646074666875,89.73875427246094,2148800
2024-04-24,89.10819041964447,90.64343586953706,88.34970452496727,90.4332504272461,2652700
2024-04-25,90.32359174313008,91.0272497168563,89.56511278524309,90.49722290039062,2540700
2024-04-26,90.46980439281661,90.67084951810139,89.20871265969188,89.29095458984375,1994800
2024-04-29,89.78444648717512,90.54293254299787,89.74789218631402,90.22309112548828,2043500
2024-04-30,89.82097781840378,90.41497285446114,89.23612309822924,89.79356384277344,2565900
2024-05-01,89.51027951408595,91.89539326031661,89.08991557421642,91.18260192871094,4860700
2024-05-02,91.3836469290361,91.45675551986388,90.08600081592834,90.75309753417969,2808100
2024-05-03,91.24657003901604,91.69434795667924,90.56119268723772,91.62124633789062,4338300
2024-05-06,91.83141669358312,92.059875790622,91.24656196292506,91.76744842529297,3081700
2024-05-07,92.29747774132025,93.54029582114308,91.65779504083139,93.44891357421875,5229900
2024-05-08,93.60425020572033,93.79615498739939,92.90973268248838,93.55855560302734,3497900
2024-05-09,93.43977401157977,94.17084593690812,93.21131490641699,94.14342498779297,2996200
2024-05-10,94.57292342095593,94.71000027005053,93.75960961421765,93.82357788085938,2778700
2024-05-13,93.85100415187263,94.88364384125762,93.76876221485209,94.0246353149414,2185300
2024-05-14,94.27136489412116,94.36274713828627,93.42149677655078,93.49459838867188,2168200
2024-05-15,94.39931205360935,94.72829374724047,93.99722176761152,94.44499969482422,2636100
2024-05-16,94.42192521947742,95.29876332436262,94.42192521947742,94.92033386230469,4143300
2024-05-17,95.19722258083735,95.92638579045115,94.55113216313266,95.88946533203125,3694000
2024-05-20,95.92638935987921,95.92638935987921,95.37259654668888,95.67718505859375,2088800
2024-05-21,95.79716729527486,96.54478720995742,95.29875167153402,96.34172821044922,2753600
2024-05-22,95.89870345987028,96.34173490608069,95.19722878786962,95.47412872314453,3124900
2024-05-23,95.06800459517551,95.20645455392832,93.78504859165717,93.95118713378906,2529800
2024-05-24,94.16347569347835,94.60651417535107,93.84043046808041,94.30192565917969,1864500
2024-05-28,94.0527225452554,94.76342205012942,93.31432741340424,93.38816833496094,2472200
2024-05-29,92.78822078824892,93.09280930045664,92.3267256031552,92.68669128417969,2527900
2024-05-30,93.01897292537872,93.55430905628795,92.31749823804448,93.49893188476562,2423800
2024-05-31,93.79429521903438,95.65873289233096,93.63738148544397,95.59412384033203,4000800
2024-06-03,95.15108556487799,95.8248717162575,94.90188123274824,95.44644927978516,3429700
2024-06-04,95.2987641037128,96.79401116999743,95.11416883018258,96.5447998046875,4822700
2024-06-05,96.36019427237385,96.54478952625152,95.09569495355338,95.25260162353516,2228200
2024-06-06,95.10493555755147,95.82486697235039,94.62497658644672,94.93879699707031,1945300
2024-06-07,94.14501335961813,95.787935015079,93.8958090697305,94.71726989746094,1886800
2024-06-10,94.60652040137522,95.04955891240417,94.07118425442391,94.6249771118164,1915500
2024-06-11,94.15424970045478,94.76341968343895,93.48969550675737,94.477294921875,2434400
2024-06-12,95.06801154951181,95.3079910261143,93.15742169616195,93.51738739013672,2397300
2024-06-13,93.48969419927492,93.96042125353694,92.71437863685173,93.46200561523438,1811200
2024-06-14,93.1204979500524,94.50498350630278,92.91743894177178,94.477294921875,2668000
2024-06-17,94.09887079174379,94.23732076354133,92.93590792910385,93.03743743896484,2953100
2024-06-18,92.97281864477891,93.3512410167072,92.02213269375302,92.32672119140625,2469400
2024-06-20,92.52978449742068,92.97282297298281,91.74524409209837,92.3913345336914,3084800
2024-06-21,92.56670946954027,93.26818415593429,91.88369853486763,92.15135955810547,4986000
2024-06-24,92.28979979856102,93.99733047614835,92.09597267706964,93.6927490234375,2026400
2024-06-25,93.44353809790694,93.64659709516236,92.26211161408334,92.48362731933594,2115600
2024-06-26,92.1605786614969,92.4928557278515,91.6529382292408,92.25287628173828,1958900
2024-06-27,92.29903647698681,93.12049733828339,92.06828888579435,92.84359741210938,2358000
2024-06-28,92.84359971191762,93.00051342962718,91.97599353600586,92.5113296508789,3898700
2024-07-01,92.97282022877734,93.4620039832386,91.64371188317885,91.69908905029297,2097600
2024-07-02,91.95753392642071,92.30827479630703,91.56987963620142,92.12367248535156,1856100
2024-07-03,92.04060521520927,93.28664086579766,91.87446665900694,92.15135955810547,1072700
2024-07-05,92.29904556696964,93.19434743566657,91.8837026786616,92.81591796875,1929800
2024-07-08,92.70515236764578,93.5819903773518,92.32672294666567,92.8897476196289,2535100
2024-07-09,92.84359660639404,93.59122358383277,92.57593559976833,93.1666488647461,3200600
2024-07-10,93.45276829492866,94.97570370514337,93.1297230968485,94.91109466552734,3128400
2024-07-11,95.12339272202894,96.81246692134161,94.75420217862663,96.41558074951172,3329800
2024-07-12,96.61862639124482,97.74467570148875,96.24019698225646,97.2739486694336,2715300
2024-07-15,96.62786915740408,97.27395963355232,96.009460225253,97.2093505859375,2863400
2024-07-16,98.123105234914,98.99995032273105,97.6985305043126,98.32616424560547,3057000
2024-07-17,98.82457871970803,100.08907806277057,97.51393408322016,99.23992156982422,3374700
2024-07-18,98.76920803515837,100.22752756494819,98.50153996503123,98.67691040039062,2638700
2024-07-19,99.29530372116878,99.32299230502124,98.12310203112578,98.68612670898438,2163200
2024-07-22,98.70459948074752,99.40606714198039,98.37232236043377,99.25839233398438,2373200
2024-07-23,99.20301227911729,99.59066656093492,98.77843049405075,98.87073516845703,1512000
2024-07-24,99.91371014159411,100.5321120154731,98.79689260997661,100.23675537109375,2875500
2024-07-25,100.60594857294285,101.54739563548334,98.7138155307454,99.27684020996094,3165200
2024-07-26,99.49835613024337,100.12598980944252,99.13839048030562,99.71063995361328,2270500
2024-07-29,99.94140270014465,100.79055220626321,99.62758933382793,100.31060028076172,3445100
2024-07-30,99.79373124227264,101.55663936214482,99.5906722140253,101.43665313720703,2929800
2024-07-31,100.51366921738791,101.29820975242905,100.07986254550926,100.85517120361328,3946000
2024-08-01,101.31665402134237,104.03024807515683,100.85515881718932,103.92871856689453,3975500
2024-08-02,105.54394270269621,107.68527998409736,103.05187163137722,105.14705657958984,4606500
2024-08-05,105.3224509013245,106.1254552048105,102.461181640625,102.461181640625,4918700
2024-08-06,103.82718155940861,105.4054941985908,102.78420500842364,104.22406768798828,4289800
2024-08-07,104.5009705591801,105.94083327941817,103.95640258046336,104.76863861083984,4921300
2024-08-08,103.8087405326252,105.18399437769891,103.28263624008972,103.77182006835938,4716700
2024-08-09,104.25175281077362,104.26098468560366,102.57191072642685,103.99331665039062,2218700
2024-08-12,103.95640161973105,104.68556484850866,103.46721785606118,104.63941955566406,3058600
2024-08-13,104.62096202004693,105.165530026081,104.08562588987324,104.96247100830078,2732900
2024-08-14,104.64866273038716,105.71933511478288,104.12255841511929,104.72250366210938,1979200
2024-08-15,104.23332126111296,104.54713466250486,103.74413740490857,104.39945983886719,2658200
2024-08-16,104.69289243161276,104.94442765980007,103.97556570358775,104.61837005615234,2642700
2024-08-19,104.59973088911538,105.4381697778775,104.57178411074372,105.00963592529297,1716200
2024-08-20,105.18663881799002,105.65243739830345,104.4320402847671,104.69288635253906,2822600
2024-08-21,104.68359107846311,105.41955379779472,104.58111480694077,105.01896667480469,2798600
2024-08-22,104.95375461510187,104.97238343368252,103.82651563408137,104.45069122314453,5459600
2024-08-23,104.57177911694308,105.27047697295829,104.24572153897374,104.67425537109375,2732500
2024-08-26,104.83263823359034,105.85739379518246,104.34821078707294,105.2798080444336,3038900
2024-08-27,105.0562202385864,105.35433107849482,104.13394093817023,104.24573516845703,2136500
2024-08-28,104.70221207704887,105.86670861417018,104.23641346220035,104.99100494384766,2429700
2024-08-29,104.99101299276185,105.33570655288317,104.19915670831793,105.26117706298828,2021900
2024-08-30,105.27048778714344,106.27661450896764,105.12142881760376,106.15550231933594,3022400
2024-09-03,106.20207675820512,108.44722933637087,106.11823642500673,107.86963653564453,3792500
2024-09-04,108.51244392357208,109.86325700737095,108.24227988530781,109.05276489257812,2795000
2024-09-05,109.71420737007085,110.03095413781026,108.36339417146337,108.85713958740234,2585900
2024-09-06,109.0434600842109,109.30430617492297,108.27955062961576,108.62423706054688,3482400
2024-09-09,108.93165695361316,109.22976776256617,108.00937774896511,109.14592742919922,2829800
2024-09-10,109.34156856549825,110.09616004132953,108.72671098702627,108.9316635131836,2594200
2024-09-11,108.41928232801237,108.52175859121412,107.45042036252853,108.25159454345703,3667400
2024-09-12,108.4006606293107,108.83851249037599,107.91622606099553,108.03733825683594,2390300
2024-09-13,108.28885868001608,109.36951486500398,107.82306007080184,109.2856674194336,2311000
2024-09-16,110.0309374213267,110.21725400402735,109.42539786626654,109.64897918701172,2212000
2024-09-17,109.50924781859227,109.67693558988256,108.36338019685488,108.7453384399414,2251500
2024-09-18,108.65218149839824,109.16456281376787,107.40384463189442,107.95348358154297,2265300
2024-09-19,107.2175164189178,107.63673941593399,106.15549619851271,107.26409912109375,3952300
2024-09-20,107.74853237560953,108.68944040235424,107.4504144572084,108.40996551513672,6277000
2024-09-23,108.86645151414989,109.43472638599306,108.49381120527397,109.2856674194336,2332400
2024-09-24,108.53107353366535,109.71419884745202,107.91621597156336,108.04664611816406,2925300
2024-09-25,108.62423237450106,108.77329133849065,107.47837179580216,108.26091003417969,3496700
2024-09-26,107.24547762482372,108.36339147812568,106.98462442536518,107.29205322265625,3425700
2024-09-27,107.59948639577064,108.37271384797006,106.97531792075226,108.03733825683594,3523000
2024-09-30,108.33544148847297,108.38201708492569,106.5188226462711,107.41316223144531,5539400
2024-10-01,107.55289171524107,108.4938068582606,107.04983549206564,108.27022552490234,3729700
2024-10-02,107.59948356427161,108.81987370085294,107.25479001925352,108.69876861572266,3360200
2024-10-03,108.97824745444736,109.0807166111665,107.5808516048089,107.8416976928711,3856600
2024-10-04,106.7889858371202,107.01257428538358,106.02507640769363,106.24866485595703,3512900
2024-10-07,106.00644811051856,106.00644811051856,102.58748803202442,102.6899642944336,5955000
2024-10-08,103.40728227684795,103.53770530751429,102.522267839109,103.099853515625,4810600
2024-10-09,103.22097874345698,103.98488820859981,102.75518011574738,103.70540618896484,3601500
2024-10-10,104.23641075233489,105.73628282175632,103.43523658702198,105.38227844238281,6301600
2024-10-11,105.64313160502574,106.50951734850369,105.3822855072084,106.36045837402344,3406700
2024-10-14,106.36044635425083,107.37589095745383,106.29523483716602,107.21751403808594,2807100
2024-10-15,108.53108023872865,109.99368764519858,107.785799591505,109.10867309570312,2863200
2024-10-16,109.55582595060794,111.87550091761528,108.95028636760796,111.58670806884766,4776800
2024-10-17,111.58670491446652,112.54624883681566,111.3072300354208,112.33198547363281,4589900
2024-10-18,112.48105126939689,112.58352753667809,111.43766688620366,112.49968719482422,3562300
2024-10-21,112.76985765032978,112.95617427003386,111.48424880879192,111.68920135498047,2703200
2024-10-22,110.5992215413668,111.73577127099864,110.28247479510618,111.67987060546875,2877000
2024-10-23,111.59603291091372,112.35994235436611,111.21407463542612,112.32267761230469,2286400
2024-10-24,112.53693382506289,112.67666770566215,110.78552670798511,110.8786849975586,2283700
2024-10-25,111.31654532122047,111.35381006141459,109.1925048828125,109.1925048828125,2406300
2024-10-28,109.19250589271792,109.9843620834801,109.01550015203934,109.05276489257812,2214300
2024-10-29,108.0652816347456,108.39133925265618,106.55609152217276,106.58404541015625,3478800
2024-10-30,107.16162374246612,107.38520507819761,106.03439199426998,106.20207977294922,2480000
2024-10-31,106.19275728405619,107.89758177669998,106.09959899043284,107.38520050048828,3835800
2024-11-01,106.8355683833839,107.50631951214089,104.89784447975764,104.97237396240234,3713100
2024-11-04,104.9723698114459,105.39158569658049,104.40409496691619,104.82331085205078,3050100
2024-11-05,104.88852636904271,106.3604516653396,104.39478098538527,106.276611328125,2558500
2024-11-06,106.21141051079022,106.43499187341557,104.8233254118295,105.8573989868164,4236700
2024-11-07,104.93510851703986,105.46611863915601,102.76448532535424,103.48181915283203,5593500
2024-11-08,104.12461827233584,106.24866590670784,103.92898370881264,105.48475646972656,3788500
2024-11-11,104.93511332585813,106.35114512140814,104.70221401412503,104.76742553710938,3243400
2024-11-12,104.95374837447497,105.3450175091133,104.11530943773359,104.22709655761719,2876800
2024-11-13,104.82331483893783,105.08416802780067,103.09986142363505,103.69608306884766,2193000
2024-11-14,103.93831294259999,103.93831294259999,102.97876883803887,103.10919189453125,3685800
2024-11-15,102.95400151777994,105.56852600258489,102.88816842554633,105.4932861328125,3868000
2024-11-18,105.32399635000692,106.91340446113753,105.02304405665419,106.78173828125,5030800
2024-11-19,106.5560340749891,106.8663859942259,105.38043796725651,106.81936645507812,3862000
2024-11-20,106.68769462823582,107.16733264865542,106.27388252409138,106.96983337402344,2325500
2024-11-21,107.33662680143021,108.19246423083875,106.4149634508188,108.02317810058594,3095300
2024-11-22,108.64387899819975,109.09531102853951,107.78804882385697,107.87268829345703,2008700
2024-11-25,108.20185764226049,109.00126147931745,107.37423347425647,108.15483093261719,4163000
2024-11-26,108.52161429383271,110.1298287150956,108.23006879020427,110.07340240478516,2850500
2024-11-27,110.67531976060204,111.52175038945458,110.29912757274877,110.43079376220703,2221900
2024-11-29,110.22387522436,110.71292716579632,109.92292294319472,110.08280944824219,1899500
2024-12-02,110.08282154388202,110.30853398573964,107.97614816898037,108.32412719726562,3429900
2024-12-03,108.90721921393029,109.29281098107178,106.86637905031071,106.87578582763672,2440600
2024-12-04,106.69709552860859,106.97924145309796,106.01055144776348,106.53721618652344,2218900
2024-12-05,106.47138577420404,107.59055554750887,106.27388649219773,107.22377014160156,2178700
2024-12-06,107.06387202836112,107.54351719002734,105.28637150748618,105.42744445800781,2808800
2024-12-09,105.06067111292654,105.89769495978787,104.65626576863531,105.20174407958984,2573900
2024-12-10,105.27698886310591,105.27698886310591,103.75341366755069,104.49639129638672,2941300
2024-12-11,104.20483970729569,104.38352543279743,102.681264600045,103.06685638427734,3820800
2024-12-12,103.6499490495761,103.75340207337679,102.29566013819861,102.6624526977539,3087600
2024-12-13,103.13270147974602,103.45246018528029,102.25805766571423,102.34269714355469,5141200
2024-12-16,102.26745358648607,102.70947886667842,100.80031195458733,101.04483795166016,5673900
2024-12-17,100.58400511201101,101.75960127823492,100.18900652222447,101.46805572509766,2784900
2024-12-18,100.98839631678736,101.48685504858493,99.34256191489877,99.46482849121094,4713900
2024-12-19,99.57766909217129,101.7971946487544,99.44600292993906,100.70624542236328,4237600
2024-12-20,100.78150931808676,102.22043784517575,100.3676971807861,101.8348388671875,6044500
2024-12-23,101.67495569510514,102.17340729162017,100.78150553251434,102.0981674194336,2757400
2024-12-24,101.93827875843415,102.54018333039268,101.67494640511087,102.48375701904297,991900
2024-12-26,102.2110314098131,102.46495701974605,101.44924740474484,101.86305236816406,2914600
2024-12-27,101.19530738149568,102.5119764033819,101.10126113177571,101.8912582397461,2127200
2024-12-30,101.57149860477207,101.69375801073659,100.6780484778932,101.29875946044922,2217200
2024-12-31,101.4586315059934,101.68435109730137,100.80030063618264,101.32696533203125,2987400
2025-01-02,102.02293221768882,102.39911721884742,101.0448354290847,101.40221405029297,2865500
2025-01-03,101.63733265274831,102.2016173263635,101.24233409874458,101.36459350585938,2299300
2025-01-06,100.96018406817896,101.02601715783544,99.59649556446539,100.03852081298828,4358500
2025-01-07,100.33006451364255,101.43042063883307,99.97268591557949,100.45232391357422,2976400
2025-01-08,100.21720950747444,101.99471015632014,100.15137641586048,101.78781127929688,3209300
2025-01-10,101.07305229611667,102.12638181844927,99.1638853616196,99.56829071044922,2998100
2025-01-13,100.13257130159843,100.2172107739136,98.93816168473444,99.82221221923828,2387900
2025-01-14,99.84102792652455,100.51816524544888,99.32376277810758,100.48995208740234,2866200
2025-01-15,101.6655424551449,101.6655424551449,100.01970802584012,100.11375427246094,3791800
2025-01-16,99.78457963240686,102.58720344533094,99.59648715648682,102.56838989257812,2899100
2025-01-17,102.25804867330586,103.35840484008473,101.99470913422014,102.75650024414062,2928400
2025-01-21,103.45245644539906,104.72209879399333,102.79412550176328,104.17662048339844,3144100
2025-01-22,103.96972535631446,104.03555845305794,102.16400423442118,102.34269714355469,4276900
2025-01-23,102.79412857105054,103.20793353000475,102.21103030694182,102.83174133300781,2612500
2025-01-24,102.3709019113656,103.68757091357588,102.26744888563894,103.32078552246094,2695300
2025-01-27,104.39292884807324,106.04817008933418,102.91638050182746,105.91650390625,3585100
2025-01-28,105.6907887299623,105.99174104323788,104.65626560153184,104.68447875976562,3664600
2025-01-29,104.84436365324281,105.53090774383068,103.9603131075482,104.03555297851562,2744200
2025-01-30,105.35222226572799,105.70960809036505,104.21424604443892,105.57794189453125,2204800
2025-01-31,105.57793025815744,105.75661597551242,104.75030606096858,105.3239974975586,3537800
2025-02-03,105.31459938353338,106.706501084396,104.58102142331413,106.46197509765625,4830200
2025-02-04,105.93531514061075,106.11400804381496,104.69388594659067,105.7378158569336,2087900
2025-02-05,106.40555052543279,107.41186047066894,105.75661920107535,107.08269500732422,4858600
2025-02-06,107.24256803665041,108.0701922103581,106.612450304591,107.70339965820312,2593300
2025-02-07,107.38364756229376,108.81316922439446,107.13912157098362,108.14543151855469,3476900
2025-02-10,108.14543238034177,108.73793739572756,106.89460360676195,108.71912384033203,2606700
2025-02-11,108.54983780239579,109.85710006790814,107.19555599889615,109.74424743652344,2404700
2025-02-12,107.91030889349777,109.5467437352227,107.53411672843679,109.44329071044922,4149900
2025-02-13,108.43697729385879,108.77554951395616,106.16101799758898,107.16732788085938,5658500
2025-02-14,107.51378895230779,108.15923268378907,105.86221511415994,105.92865753173828,3581600
2025-02-18,105.83373148741752,106.5266371310285,104.89404388125338,105.25473022460938,4726600
2025-02-19,105.6628846942936,106.41273895116198,105.31168493094607,106.10900115966797,3860600
2025-02-20,105.84323470437432,107.50430238605517,105.3971182254826,107.40938568115234,3159500
2025-02-21,106.96326544329628,110.06708575879289,106.83986721374677,109.67792510986328,4424000
2025-02-24,110.01014858271265,111.02577260222385,108.9565564303052,110.02912902832031,2731300
2025-02-25,110.50370778429938,111.7281527804593,110.11454713746535,111.32949829101562,3111900
2025-02-26,110.96880665480923,111.18711433269176,109.91521466731069,110.3992919921875,3021500
2025-02-27,109.74437266812572,110.8549133360341,109.15587750414188,110.00064849853516,3239100
2025-02-28,111.14915267848855,111.98443703674717,109.91522106820312,111.51933288574219,5403200
2025-03-03,111.3579725813961,112.68682812127226,110.73151656105797,112.63936614990234,4264900
2025-03-04,113.2088770412802,113.59804494164598,110.45625641842511,110.49422454833984,3888700
2025-03-05,109.73487765988045,110.96881655001953,109.20333831849398,109.37419128417969,3491300
2025-03-06,109.63046872944668,109.8013216976533,108.02634959693346,109.0040054321289,3756100
2025-03-07,108.97552870558872,110.99728999106836,108.51043178542162,110.80744934082031,3479200
2025-03-10,111.00677780658674,113.19939208043374,110.96881691780224,112.47801208496094,5022400
2025-03-11,112.26918544932563,113.43668186806114,111.24406770238909,111.71865844726562,6297500
2025-03-12,110.78846066852203,111.33898765083391,109.77283680058518,110.7125244140625,4668300
2025-03-13,111.00677282023192,112.32613451748149,110.45625305742051,112.20274353027344,5370300
2025-03-14,112.15528363235933,114.28144805315065,111.56678852622683,114.01567840576172,5709900
2025-03-17,113.57906320442254,115.29707942384262,113.00006190275539,114.67061614990234,7126500
2025-03-18,113.7404222208676,114.91740526704135,113.60753738863896,114.62316131591797,4384800
2025-03-19,114.38587127157331,114.73706381240387,112.63937344392296,113.2468490600586,4220600
2025-03-20,113.51260191452664,114.14855896608881,113.05699889078483,114.05364227294922,4343900
2025-03-21,113.88280791451429,114.76554706396817,112.36411160970884,113.04752349853516,5850300
2025-03-24,112.80072805215761,113.7214352827073,112.01291289639019,112.14579772949219,3904700
2025-03-25,112.0983356026401,112.221733834408,109.07993809178657,110.18099212646484,5551600
2025-03-26,110.38981093508704,111.36746671777306,110.1809898471968,111.15864562988281,3095900
2025-03-27,111.88002469950032,112.22173061482606,111.15864474029264,111.67120361328125,2833500
2025-03-28,112.64886825904078,113.86381950179417,111.66171856388348,113.3417739868164,3941400
2025-03-31,114.1865436552906,116.27474017398796,114.06314541879776,115.77167510986328,6465600
2025-04-01,115.8381267715934,115.8381267715934,114.46180906572961,114.91741943359375,2934100
2025-04-02,114.90791492068327,115.2211465669019,113.80686809990324,114.27196502685547,2541700
2025-04-03,116.74932817662949,118.33445959354466,115.44894687367348,117.7459716796875,7427100
2025-04-04,118.64768549266111,118.90396130698605,111.8705302766547,112.88615417480469,8332600
2025-04-07,111.7376529112164,114.20552348595729,109.82979597339788,110.92135620117188,7214800
2025-04-08,112.16477843146602,112.34512523752504,108.87111739983399,110.0575942993164,4976200
2025-04-09,108.91857124940243,111.85153845017744,106.37476467696052,110.3992919921875,7414700
2025-04-10,110.39930158527662,112.00342069046937,108.79518972176425,110.9023666381836,6360400
2025-04-11,110.94033390740229,113.26583298598592,109.64944645555252,112.8956527709961,6054400
2025-04-14,112.65835763937503,115.03131145439814,112.06986248624438,114.4712905883789,3226200
2025-04-15,114.91740935829723,115.56285309853533,114.22450364413908,114.36688232421875,2340900
2025-04-16,115.31605987470815,115.78116402963623,113.96822386556039,114.23399353027344,2506800
2025-04-17,114.79402429475412,117.27138883440821,114.37638207605967,115.61032104492188,3409800
2025-04-21,115.40149799961904,115.75269054882885,112.94311394674664,114.06314849853516,3076200
2025-04-22,115.211647230121,116.6449133149183,114.37637012171415,116.30320739746094,3522600
2025-04-23,115.05029127988504,115.91404993991507,113.93975063842954,115.24961853027344,4036000
2025-04-24,114.99334391966579,115.34453645143188,114.06314283302181,114.56620788574219,3199000
2025-04-25,114.63264464137767,115.10723538339852,113.35125108625736,113.7593994140625,2717200
2025-04-28,113.89229124684137,114.73706224025729,113.12345651482205,114.53773498535156,2119800
2025-04-29,114.17704630659225,115.71472298134091,113.30380104316079,115.51538848876953,2323600
2025-04-30,116.13235394440244,116.17981591561175,114.52824214938462,115.81912231445312,2999000
2025-05-01,115.61031631870935,116.15134951549993,114.5472303698925,115.16419982910156,2609900
2025-05-02,115.202162010519,115.80014375239948,114.41433962239698,115.4014892578125,2720100
2025-05-05,115.91405165905189,115.95201978945283,114.12958573860958,114.6136703491211,3875200
2025-05-06,115.80964367574882,117.8598720710441,115.34453949929673,116.6923828125,3959100
2025-05-07,116.32220469017741,117.10053329051978,115.48692027110124,116.36965942382812,3466700
2025-05-08,115.81913036239712,116.21779211988905,113.7309338343257,113.90178680419922,3571300
2025-05-09,114.1295891197211,114.36688451049662,113.30380579449792,114.21501922607422,3036900
2025-05-12,112.96210190115504,114.20552745403201,109.58301055088485,109.96268463134766,5661200
2025-05-13,110.0860733572014,110.14302192976074,107.304971277565,107.3239517211914,7359400
2025-05-14,107.32395062821084,107.43785501384964,105.56796632260615,106.74494934082031,4203200
2025-05-15,107.79854061333617,110.18098816065559,107.6087072136218,110.04810333251953,4177700
2025-05-16,110.20614030579874,111.39383561484833,109.75596629596245,111.35552215576172,2966700
2025-05-19,111.16394265794786,112.17923094343284,110.86702251705071,112.0547103881836,2773000
2025-05-20,111.75780078418346,112.85928896634437,111.58539387473616,112.36122131347656,4459300
2025-05-21,112.35165233072445,112.6868859697499,111.16395699882676,111.5279312133789,2769900
2025-05-22,111.6811890541176,111.7673961743366,109.94754683993125,110.69464111328125,4702600
2025-05-23,111.79611385213764,112.03556748622547,110.0145782299205,111.57581329345703,2683700
2025-05-27,111.94935861561673,111.9780991895926,111.10648446761306,111.47045135498047,3742300
2025-05-28,111.10648741866478,111.36509413095736,109.16212505804536,109.62187194824219,2797700
2025-05-29,109.09508835598665,110.71379011953042,108.60660084616723,110.57969665527344,2292800
2025-05-30,110.5796935162607,112.90718330485917,109.98585313642157,112.75393676757812,8078800
2025-06-02,112.0738789407623,112.70603272352821,111.42256477538673,112.28459930419922,2820300
2025-06-03,112.38996239637773,112.63899624013014,110.6371672205715,111.80570220947266,2609600
2025-06-04,111.8631688016635,112.71562321708585,110.74252746555264,111.08734130859375,3288300
2025-06-05,111.40340638600343,111.40340638600343,110.4743251165238,110.85745239257812,2443000
2025-06-06,110.70421405874012,111.20227443918549,109.91880637310423,110.36898040771484,2094600
2025-06-09,109.87090533684555,111.48961425272697,109.5739851669672,110.59884643554688,2407400
2025-06-10,110.71378124062012,111.67159579852515,110.00500051388305,111.42256927490234,2095400
2025-06-11,111.3746799552114,111.67160014129438,110.97239957905795,111.44172668457031,1929700
2025-06-12,111.85358173969985,112.62940918512011,111.52792830102051,112.33248901367188,2432200
2025-06-13,112.54321468316991,113.34777543370865,111.62371355074903,111.93021392822266,2789500
2025-06-16,112.3037547529177,112.73476837266142,109.98584532120987,110.53179931640625,3276000
2025-06-17,110.74252048109993,110.79998701546724,108.86520484713566,109.9475326538086,2344100
2025-06-18,110.05289930632837,110.09121276733994,109.21959797130395,109.74639892578125,2937900
2025-06-20,110.01457858818678,111.25016022100914,109.84217167878028,110.53179931640625,6203100
2025-06-23,111.04902798966886,112.34207624895666,110.89577414476737,112.03557586669922,2440500
2025-06-24,111.79611756917672,112.59110541459118,111.10648991086754,112.01641082763672,2477800
2025-06-25,112.98381079633825,112.98381079633825,110.91493503357792,111.05860137939453,2966300
2025-06-26,111.12564669227407,111.84400764237488,110.48391266399493,111.345947265625,3143600
2025-06-27,111.25015694011513,112.83055234514282,111.20226329153604,111.9876708984375,3578700
2025-06-30,111.70033615810344,113.07958414969508,111.39383579246696,113.0221176147461,3486700
2025-07-01,113.67343586307095,114.29601680824197,112.06430705915055,113.85542297363281,3498600
2025-07-02,113.10832061755923,113.4244011838124,111.17353837489912,112.12177276611328,2834200
2025-07-03,112.0643011445848,112.90717530880222,111.55666060775243,112.36122131347656,1953900
2025-07-07,112.25586442217835,112.46658479629977,111.66202406697639,112.34207153320312,2050600
2025-07-08,111.62370479027125,111.85357822844912,110.53179682449525,111.40340423583984,3135100
2025-07-09,111.40341356562737,112.44743527747093,110.66589954041679,112.22713470458984,2102800
2025-07-10,111.68118312258137,113.39567216763027,111.34594946741441,113.18495178222656,2072700
2025-07-11,112.76351209639377,112.87844516751123,111.67159676796143,112.50489807128906,2098900
2025-07-14,112.49531629497581,113.59680449212291,111.805695955349,112.95507049560547,2684800
2025-07-15,112.5719481534999,112.86886833946245,111.04902645544567,112.16008758544922,2431500
2025-07-16,112.05472169745812,113.13705681133486,111.8248482525163,112.82097625732422,2160600
2025-07-17,112.33249115706766,113.0987457330617,112.06430424773332,112.50489807128906,2430900
2025-07-18,112.38995883375844,114.06613434166209,112.30375902954513,113.42440032958984,2475600
2025-07-21,113.45312886603202,115.2059312207205,113.45312886603202,114.77491760253906,2232100
2025-07-22,115.05268779392988,116.82464327174773,114.84196742112702,115.63695526123047,3194700
2025-07-23,115.72314897819443,115.73272916942123,113.88414687006716,114.46841430664062,3309500
2025-07-24,114.46842975500341,115.03353688538868,114.18108243977804,114.69830322265625,2133200
2025-07-25,114.63125100217012,115.31129848759761,114.54504388871133,114.8707046508789,2317100
2025-07-28,114.58334696222389,114.8515411628036,112.49531104246569,112.63898468017578,2930100
2025-07-29,113.04127589493257,114.48757798727883,112.72520263061608,114.44926452636719,2848000
2025-07-30,114.458845186557,116.36489420254675,114.2193915355391,115.39750671386719,3432300
2025-07-31,114.96647818507657,116.6426536317982,114.45883764756236,116.50856018066406,5490800
2025-08-01,117.08325712486487,118.18474539958264,116.54688327597786,117.7249984741211,4642700
2025-08-04,117.83992335342566,119.25749210799201,117.523842796945,118.93183135986328,4066000
2025-08-05,121.61371521937714,122.4565893970735,118.74027155433414,118.76900482177734,6746900
2025-08-06,119.39158183262013,121.07733744033042,118.76900093074836,119.9279556274414,3813100
2025-08-07,119.45863707854319,121.01029204069043,119.43947669447854,120.61759185791016,2832100
2025-08-08,120.66548633796324,121.19227998262674,119.89923173612212,120.0333251953125,2643800
2025-08-11,120.38771179008964,120.64631850039599,119.64061761859904,120.26319122314453,2244500
2025-08-12,120.10994506271068,120.28235197262185,118.15600251956563,119.21917724609375,3826300
2025-08-13,119.14256059787907,120.45476926461127,118.72111982453968,120.40687561035156,3009200
2025-08-14,120.39728384673658,120.39728384673658,118.76900206403792,119.01803588867188,3410300
2025-08-15,119.33202280636037,119.50592015987519,117.79593565924463,118.29830169677734,4024700
2025-08-18,118.82965231480769,118.82965231480769,117.21627587755455,117.34186553955078,3224700
2025-08-19,117.51575651773572,119.62184321912574,117.26456983663853,119.58319854736328,2908400
2025-08-20,120.27878672894806,121.67962105581752,119.96963672856982,120.25946807861328,3455700
2025-08-21,120.10489710290489,120.68455246948396,119.73778375723897,119.93099975585938,2084700
2025-08-22,120.55896121961008,121.00336390715823,119.14846381024832,120.12421417236328,2182900
2025-08-25,119.74743673636378,120.00828643649379,118.70406004799692,118.93592071533203,2454300
2025-08-26,118.82964573072,119.35133774280438,117.9601590439127,119.10015106201172,3102000
2025-08-27,119.41896881829992,119.65082948708428,118.59778978120372,119.4865951538086,2560800
2025-08-28,119.11948433277068,119.41897134339634,118.1050819079733,118.22101593017578,2496500
2025-08-29,118.24998434241837,119.01319998561306,117.96981601486206,118.33692932128906,2151200
2025-09-02,118.30795977315026,118.60744678087583,117.25492005520047,117.75728607177734,2449100
2025-09-03,117.18728481039669,117.75727711992678,116.53034014898734,117.38050079345703,2152100
2025-09-04,118.0567661587949,118.29828982718091,116.29847414777343,116.77186584472656,3069700
2025-09-05,117.19694663569584,117.36118833775481,115.97000959999872,116.52068328857422,1980700
2025-09-08,116.31780897772973,116.73323001364268,115.69950892949436,116.0956039428711,3069000
2025-09-09,116.17288751548234,116.92644020113282,115.83475584509016,116.29847717285156,2182800
2025-09-10,116.32747165590845,117.34186671461597,116.12458527344899,117.235595703125,2104400
2025-09-11,117.24525471141108,118.08575976340214,116.86847836379523,117.9698257446289,2178000
2025-09-12,117.940843611213,118.73304097620274,117.73796460720902,117.81524658203125,2136400
2025-09-15,117.52542653839677,118.4915212779303,117.49644487552564,118.22101593017578,2202600
2025-09-16,118.47219248228075,118.66541584809514,116.12458202533962,116.17288970947266,4158400
2025-09-17,116.64626965642726,117.38050367738711,116.19220397729048,116.99406433105469,2437700
2025-09-18,115.96034131769945,117.01338833402446,115.63187266994865,116.30813598632812,2541100
2025-09-19,116.66559669847402,117.52542038196054,115.93136267108954,116.97474670410156,4842000
2025-09-22,117.10033650066353,117.8732152010182,116.63661517702477,117.45779418945312,2062000
2025-09-23,117.34186710616247,119.06151457680112,116.86848274385271,118.92626190185547,2123700
2025-09-24,118.82965223067231,119.74743927928873,118.78134454570602,119.44795227050781,2173100
2025-09-25,119.90201704824241,120.08557740483467,118.12439891941084,118.1727066040039,2285600
2025-09-26,117.99880781076388,119.26438952782236,117.90219981348085,118.84896850585938,2644400
2025-09-29,118.8779525013399,118.90693416222496,117.2066054733662,118.63642883300781,4210000
2025-09-30,118.81033999441811,119.7281270925915,118.46254528189134,119.55422973632812,3719800
2025-10-01,119.3706549212865,119.62184159898165,118.17269959574537,118.24032592773438,2489200
2025-10-02,117.38050141508104,117.94083808792767,116.83949076307319,117.44812774658203,3098800
2025-10-03,117.96982551870695,119.63150959768574,117.86355451104777,119.3513412475586,2761900
2025-10-06,119.24506246077814,120.24013876692825,118.61709946668115,120.16284942626953,2289000
2025-10-07,120.61692245977069,121.67962516125637,120.12421209635986,121.30284881591797,2723300
2025-10-08,121.97911564186253,122.0370789636914,120.18217895799323,120.98403930664062,2423000
2025-10-09,121.63132159188002,121.81487456884989,120.38505857115977,120.4816665649414,1500800
2025-10-10,121.04201617210663,122.95487971366785,120.78116645325484,122.7133560180664,2955400
2025-10-13,121.93081439158432,122.64572242448163,121.42844837756081,121.81488037109375,2136200
2025-10-14,122.60708656529933,124.13351801816746,122.00810517512227,123.4862289428711,2712900
2025-10-15,123.83401185345328,124.61656094504941,122.76165351505985,124.30740356445312,3023200
2025-10-16,124.4716385909967,125.1189202761256,123.0804672241211,123.0804672241211,2785200
2025-10-17,123.82436258724162,124.28808394057098,122.80996752013492,124.17215728759766,3120800
2025-10-20,124.62620825371009,124.81942423294836,123.36062663704996,124.56824493408203,3759300
2025-10-21,125.10926427739534,125.10926427739534,122.94521420234405,123.97893524169922,2628800
2025-10-22,124.19147581820002,125.62129183721406,123.16741043083313,124.65519714355469,3143000
2025-10-23,125.45705027298594,125.45705027298594,122.85825333828873,122.94520568847656,2531000
2025-10-24,122.98385682091597,124.08520417638658,122.67470681535785,123.05148315429688,2175000
2025-10-27,122.69402746282861,123.25436416037125,121.9791194453501,123.16741180419922,2308300
2025-10-28,122.55877473268332,123.03215907381761,121.12895132772239,121.38980102539062,3159200
2025-10-29,121.38979415889906,121.79555214263362,119.62183918170486,120.0759048461914,3686400
2025-10-30,120.29810636217694,121.61199571719892,120.16285369657622,120.96471405029297,2666400
2025-10-31,120.12420858990782,120.6942082820619,119.55421626847121,120.0855712890625,2961900
2025-11-03,119.6701520716391,119.79574172805697,118.12439466889658,119.4769287109375,3365700
2025-11-04,120.12421852197826,120.28846023237918,119.30303945284591,119.63151550292969,3169800
2025-11-05,119.59285812517741,120.25946579518975,118.99387678612887,119.57353210449219,3822300
2025-11-06,119.40929888084487,120.6265802201092,119.21608289651856,119.79573822021484,4674700
2025-11-07,119.89235419481845,121.45743030664688,118.25965911761935,119.46727752685547,5456800
2025-11-10,118.87795794534811,119.48659496395919,117.70897685085608,118.76202392578125,4442000
2025-11-11,118.95523669311955,120.00828373946995,118.16303934103689,119.4769287109375,3101600
2025-11-12,119.46728177703366,120.07591882348316,119.24507673871318,119.69914245605469,3238900
2025-11-13,119.563884648533,120.3657376646392,118.92625859518832,119.39964294433594,3277900
2025-11-14,120.18411331986736,121.03191669454846,119.13166006014109,119.57992553710938,3878200
2025-11-17,120.18411429250236,122.01615679164941,119.7261018090194,121.98692321777344,3879900
2025-11-18,122.44493693414611,122.71779353944892,120.63238098773759,120.64212799072266,3774300
2025-11-19,120.72008103646517,120.72008103646517,118.35206488968275,119.11217498779297,3411000
2025-11-20,119.16089084068084,119.8430397603443,118.75160594975351,119.41426086425781,2639200
2025-11-21,119.80406135608897,120.24257982791798,118.80033568095412,119.66763305664062,4407000
2025-11-24,119.93073637694488,120.26206754025606,118.30333643669621,118.9757308959961,3442700
2025-11-25,119.14140840196697,119.84304391633675,118.48849303261545,118.81982421875,2835100
2025-11-26,119.28759167930272,120.44723232131736,118.83931873255081,120.28157043457031,3374400
2025-11-28,120.0087071497971,120.96370527255046,119.90151242084531,120.77855682373047,1439800
2025-12-01,120.06717156512396,120.31079459178028,117.59196072212164,117.669921875,4050600
2025-12-02,118.01099289805356,118.04997347458281,116.32512571317574,116.636962890625,3554400
2025-12-03,116.81236864355782,117.48476312504667,115.35063051933531,115.59425354003906,3328400
2025-12-04,115.36037622700208,116.3933429454176,114.8341495821002,114.9608383178711,3151000
2025-12-05,114.83415037418186,115.16548156834693,113.43088674621598,113.54782104492188,3983100
2025-12-08,113.23598108288977,113.45037053831159,111.21878269699731,112.2809829711914,5217200
2025-12-09,112.84618908096098,113.24572697915521,112.1153199999568,112.30046844482422,2929700
2025-12-10,112.33945077897883,112.45639251029168,110.99465432541298,111.09210205078125,3366400
2025-12-11,111.63782222629646,112.55384725844019,111.08236197877609,111.47216033935547,2992300
2025-12-12,111.57935106079019,112.40766790048534,111.48190333284695,112.35894775390625,2955700
2025-12-15,112.85592592626169,113.9668463078035,112.46613504029126,113.7524642944336,3797200
2025-12-16,113.9960914134873,114.22996744043385,112.30046977246653,112.64154052734375,3222300
2025-12-17,112.52461232336202,114.9023756028697,112.45639816869345,114.43461608886719,4436700
2025-12-18,114.34690193078877,114.80491441730986,113.67450742282696,114.55155181884766,4611000
2025-12-19,114.43460759087088,114.49307473773491,112.6025651195458,112.6123046875,6898600
2025-12-22,112.35894295124483,113.48934992968151,112.06659234512625,113.33343505859375,2477200
2025-12-23,113.4016510666772,114.20073431040403,113.15802803584849,113.8109359741211,3627800
2025-12-24,114.20073379568198,114.51257097634586,113.84016903515806,114.48333740234375,1060600
2025-12-26,114.17150006225486,114.79517442271174,113.79144129640366,114.19098663330078,1440300
2025-12-29,114.30792633277439,115.01930140247457,114.0935368811547,114.52230834960938,2489100
2025-12-30,114.59052213081634,114.93160031263362,114.25919838649457,114.67823028564453,1834800
2025-12-31,114.69772153848268,114.8049162683238,114.11302774330342,114.22022247314453,1973900
2026-01-02,114.1909887885955,115.05828619481264,113.41139210591754,114.4443588256836,2619600
2026-01-05,114.01557732852967,114.01557732852967,112.1640408251265,113.8304214477539,4310300
2026-01-06,113.78171140180301,114.9023789192335,113.43089361487199,114.73670959472656,3303700
2026-01-07,115.10701215879799,115.2824210381976,112.99235860304032,113.22624206542969,3227800
2026-01-08,113.53807164982628,115.57475648038566,113.22623448895838,114.32740783691406,3214100
2026-01-09,114.39563314137993,115.24344399023803,113.78170576207343,113.82068634033203,2884800
2026-01-12,113.79143833780867,114.49307383377622,113.30419229169617,113.73297119140625,3007800
2026-01-13,113.50884591574099,114.56129175960385,113.02159985356536,114.3956298828125,3284100
2026-01-14,114.57103837061454,116.24716600832991,114.35664891442516,115.65272521972656,4554900
2026-01-15,115.60400178984935,116.36411191674945,115.4285929043778,115.86711883544922,3716400
2026-01-16,115.47731954197523,116.35436396216245,114.85364516201658,116.178955078125,4499800
2026-01-20,116.03278217495101,116.59798941687869,115.08752358219252,116.50054168701172,4595000
2026-01-21,117.12420988625833,117.75762381429064,115.43833525304828,116.32512664794922,4751700
2026-01-22,116.11073715218917,116.46155490886439,114.6197654037119,114.70746612548828,3807200
2026-01-23,114.88288159594426,114.93160917847263,113.284715028179,114.43461608886719,4491000
2026-01-26,115.14599510609368,116.64670646266694,114.99981979778758,115.75017547607422,3955600
2026-01-27,115.75017916515903,117.25089800434685,115.184971920247,117.22166442871094,4812900
2026-01-28,117.13395490718273,118.01099934000487,116.54926109689634,117.17293548583984,4463400
2026-01-29,117.3093576496412,118.63466751542899,117.22165692834491,117.80635070800781,4298400
2026-01-30,117.64068843235641,118.33257693665658,117.0365006490535,118.2546157836914,5603000
2026-02-02,118.36182081623424,118.8880474923912,116.00355149458612,116.44207000732422,4273000
2026-02-03,116.4323193829539,118.79058848067947,116.4323193829539,118.56645202636719,4169300
2026-02-04,119.31681834516104,120.20360231416834,118.50798809583549,119.09268188476562,5679700
2026-02-05,119.89175795797996,120.88574403099754,119.30706420403197,120.26206970214844,4224100
2026-02-06,120.83702233485516,121.10987893765862,118.24486973865268,118.7516098022461,4412100
2026-02-09,118.39104451234864,118.9465047183619,117.6991560055451,118.61518096923828,4288500
2026-02-10,119.08293501189378,121.19758857909957,117.38732079170798,120.4862060546875,6608700
2026-02-11,121.10013830820104,122.20131921505005,119.78457536985563,122.00641632080078,5980300
2026-02-12,122.20131521169986,124.82269399910476,122.11360705346473,122.89320373535156,7095000
2026-02-13,122.95708853606156,126.05287685456977,122.82932829531357,125.99391174316406,5569400
2026-02-17,126.28875461197234,126.78015054431465,123.99884776771155,124.52955627441406,4252700
2026-02-18,124.71628453091311,124.71628453091311,122.63276315526424,123.08484649658203,4111700
2026-02-19,123.47796273039751,124.5786922597849,123.14381711321766,124.19540405273438,5483600
2026-02-20,124.99146876762073,125.1192290098088,122.92760736598277,124.59835052490234,5039300
2026-02-23,124.64748604089661,126.39685424867105,124.62782600591802,125.5909652709961,4891100
2026-02-24,125.65976956093604,126.35755838954054,124.34282455126926,126.24945068359375,4231900
2026-02-25,125.87598538968935,126.94722493639169,124.10695701207165,126.71134948730469,3853900
2026-02-26,127.04550751111141,127.56638599545123,126.03323309843489,127.00618743896484,3737800
2026-02-27,127.63518076603609,129.30593901279747,127.0749971744322,128.59832763671875,4691400
2026-03-02,128.74573500458587,129.9250822496599,128.30348166220983,129.36489868164062,5034200
2026-03-03,128.59831365205173,130.02335876971915,126.27892439295663,129.16831970214844,3579600
2026-03-04,129.2371147815406,130.37715680760172,128.31328813960184,129.61058044433594,3702400
2026-03-05,128.75556421006598,129.46317559309472,127.30103636549123,129.34524536132812,4860500
2026-03-06,129.1388327212969,130.34767739699697,127.98896814867994,130.21990966796875,5041000
2026-03-09,129.59093251396396,130.20025865546654,128.29364008806553,128.82435607910156,7057200
2026-03-10,127.27154199420097,128.44106667137964,126.33789275487612,127.4582748413086,8176600
2026-03-11,127.27154096755486,128.25433278969814,126.93739534711729,127.79241943359375,4249500
2026-03-12,127.76294728205583,130.90787836975588,127.72364220430336,129.5516357421875,5842300
2026-03-13,130.21010288070187,131.81204346368054,130.21010288070187,130.85873413085938,4710200
2026-03-16,131.54669459218098,131.95946536797607,130.76045811609887,131.1634063720703,4974000
2026-03-17,131.96928533970936,132.17567822172856,130.50492011873337,130.66217041015625,3948800
2026-03-18,130.03318335801137,130.35750645828963,128.45088792731542,128.50003051757812,3454700
2026-03-19,128.50003779707976,129.14868403438197,126.66222178760405,127.5074234008789,5543100
2026-03-20,128.18552431089918,128.29363200624718,124.58851030511309,124.62782287597656,7644800
2026-03-23,125.71872557379298,125.91528093504657,124.76541632568961,125.1487045288086,4320600
2026-03-24,124.79490807098848,126.86859190409405,124.66714033614474,125.18801879882812,4423400
2026-03-25,125.99391017758332,126.78014664438808,124.99146580560857,125.95460510253906,3369100
2026-03-26,126.1216758212046,127.64500613856123,125.69907503948097,127.15361022949219,3182300
2026-03-27,127.32068960070244,128.9521277019815,126.79981110994201,127.75312042236328,4797600
2026-03-30,129.18797650247367,130.4263037430482,128.81452582343826,129.44351196289062,3968800
2026-03-31,130.37717076428473,130.37717076428473,127.51724287414332,128.686767578125,5376100
2026-04-01,128.18553231485586,129.60075496188304,127.62534876486541,128.64744567871094,4314900
2026-04-02,129.63023209263142,130.7407916226019,128.64744029512485,129.94473266601562,3720600
2026-04-06,129.36489704905154,130.41647653893187,128.74573337981064,129.148681640625,2819800
2026-04-07,129.23713513531033,130.59339275909304,128.8931519710652,129.5516357421875,2563300
2026-04-08,128.07743117150085,129.39436854942224,127.23222964610714,129.3354034423828,3716800
2026-04-09,129.02091575027058,131.8218785838217,129.02091575027058,130.71131896972656,3118700
2026-04-10,130.1314663600139,131.2223658622461,129.52212524414062,129.52212524414062,2758800
2026-04-13,129.56145178359645,129.8464548226392,127.51724292976253,128.1560516357422,3580000
2026-04-14,127.61552503834555,127.86122299568068,126.170819849518,127.54672241210938,2506200
2026-04-15,127.02584466271765,127.02584466271765,125.72855974055459,125.77770233154297,3294800
2026-04-16,125.53199743349533,126.78996221484297,124.932493847489,126.41651153564453,2712700
2026-04-17,125.31578718461418,125.99390844233456,123.76297430801954,125.82683563232422,3461600
2026-04-20,125.9251251506069,126.95704460114565,125.38458663124008,125.6597671508789,2710600
2026-04-21,126.25926638584711,126.2985714603354,123.47796373414303,123.5074462890625,2842800
2026-04-22,124.56886857997871,125.07009452935624,122.7507051338568,123.09468078613281,3053000
2026-04-23,124.22488421942309,126.111850161829,123.83176600233409,125.83665466308594,2624800
2026-04-24,125.5909662181281,126.0430495506618,124.58851437363937,125.07991027832031,2399700
2026-04-27,125.46321370070052,126.13150497399755,124.67697720559933,124.90301513671875,2322600
2026-04-28,126.25926062131248,126.38702835093885,124.91283318931258,125.60079193115234,2167000
2026-04-29,125.11922149381157,125.73838512578415,124.17574226682699,124.33299255371094,2322100
2026-04-30,124.84403921447988,127.6056817301755,123.93987257207432,127.3206787109375,3799600
2026-05-01,127.21258074781426,128.4508930926802,126.37720166839432,126.38703918457031,2578900
2026-05-04,125.79735154347235,126.78014335240572,124.56886178230562,125.2568130493164,3365800
2026-05-05,126.68185992725667,127.06514813819976,125.36492248414072,125.38458251953125,3994000
2026-05-06,124.85387215990941,125.29612547416701,122.84897597226922,123.37968444824219,5947000
2026-05-07,122.84898216596227,122.94725985207367,121.91533290074368,122.72122192382812,3296400
2026-05-08,122.8882880997536,123.5271042721195,121.30599269510687,122.03325653076172,2585800
2026-05-11,122.38705861860369,123.20277759191606,122.23963835263903,122.75069427490234,2256300
2026-05-12,122.84897525952111,123.66469425478986,121.71876318751224,122.91777038574219,3337900
2026-05-13,121.8563614872962,122.38706999523787,120.7261493406486,121.76791381835938,3404400
2026-05-14,121.76790429680003,122.25930019186531,121.2863384191058,122.17084503173828,2483100
2026-05-15,121.87842003414458,122.18572335624475,119.84629145052173,119.8958511352539,3832100
2026-05-18,120.73844948561529,121.8784205570482,120.14367276307614,121.76937866210938,2865500
2026-05-19,121.73964034277614,123.57352261743769,121.44225954683922,123.4743881225586,4381600
2026-05-20,123.61316907761719,124.10881130737972,122.59214729437039,122.73092651367188,3988800
2026-05-21,122.6020623761396,123.72221109385123,122.17580975561214,123.57352447509766,2205900
2026-05-22,123.3653464250342,124.79279844908575,123.1373552374094,124.57471466064453,2446300
2026-05-26,124.60444698078632,124.7134888706286,123.86098367526158,123.88081359863281,2877000
2026-05-27,123.4347318166876,124.55488804397477,123.03822410168671,124.25749969482422,3128900
2026-05-28,124.06916571296497,124.8522737751375,122.57232407198293,122.68136596679688,3047800
2026-05-29,122.87961494843829,123.33560487094641,121.22417179354801,121.66033935546875,3903100
2026-06-01,120.3617567803979,121.09531272280897,118.74596584046039,118.8450927734375,3215700
2026-06-02,119.0136080534325,120.18332400111593,118.71622725765543,120.03462982177734,3445100
2026-06-03,120.28245006854206,122.39389076159442,119.94541698983704,119.98506927490234,3499900
2026-06-04,120.52036411551568,121.65042777288274,119.05325981560225,120.75827026367188,3481900
2026-06-05,121.4323415755197,124.2079409795487,121.20434283100806,123.1373519897461,3362900
2026-06-08,122.79040444072983,123.47438555117073,120.83757291352183,120.98626708984375,3058800
2026-06-09,121.32330006810095,123.81142609035844,120.55009942731893,122.74083709716797,3009400
2026-06-10,123.90063569647134,124.51523475037963,122.37405680481513,123.95020294189453,2883100
2026-06-11,124.44584504330267,125.14965606292043,122.99857072034084,123.10761260986328,3286600
2026-06-12,123.60325517463421,124.39627816278737,123.1472652547937,123.88081359863281,2451300
2026-06-15,122.91926750991126,124.92165870134838,121.98745773930494,124.1881103515625,4018800
2026-06-16,123.93037463783814,125.86338379110164,123.91055227714976,124.96131134033203,3559300
2026-06-17,124.10880835491434,124.71349246587164,121.93790058297103,122.65162658691406,3266500
2026-06-18,121.92798186685235,124.15837177905087,121.75946533302664,122.78048706054688,8866200
2026-06-22,122.40380620541308,123.63299679567596,122.27493438771852,122.44345092773438,3802800
2026-06-23,123.6627328002458,124.48550069329134,122.37406001444195,123.96012115478516,3674000
2026-06-24,124.76305683450835,125.43713053791457,123.64290817037885,125.42721557617188,4420100
2026-06-25,125.58582909512256,127.04301844325781,124.62428197082107,126.00216674804688,3985100
2026-06-26,126.73571240982977,127.3602188758531,126.38876437315014,127.28091430664062,4450300
2026-06-29,127.15205794715952,127.52873574464768,126.48789163190408,127.21153259277344,2818600
2026-06-30,126.53745777977973,126.81501620743462,125.28843729243276,125.4767837524414,3882100
2026-07-01,125.47678126177223,125.70477243872038,124.14845623206209,124.67383575439453,4257900
2026-07-02,125.3974863147742,128.52994889164373,125.19923244457502,128.47047424316406,5123300
2026-07-06,128.04420798023006,128.311859011496,124.68375436829098,124.87210083007812,5757600
2026-07-07,126.33920002502686,129.23374880158673,125.81382047701635,127.10249328613281,3416100
2026-07-08,127.13222611939055,127.59813100412208,125.43713067867999,125.68495178222656,2570100
2026-07-09,125.41730211469641,126.09137582616603,123.69246933292705,124.16828918457031,3807500
2026-07-10,124.06916470751264,125.0604491520422,123.60325980851972,124.3863754272461,2801200
2026-07-13,124.50532064861592,126.17067876347912,124.40619371998474,125.75434112548828,2362000
2026-07-14,126.071553688142,126.616763147978,124.78288090829327,125.26861572265625,2391500
2026-07-15,125.11000647886459,125.65521593824158,123.01839573529104,123.25630187988281,3482200
2026-07-16,123.61316484632303,125.15957369302055,123.26621680994538,125.01087951660156,3518500
2026-07-17,126.84475729325757,128.13342254030215,123.57352314654426,123.92047119140625,4890200
2026-07-20,124.81262551878876,126.40858648436325,123.92046802416019,124.75314331054688,4309300
2026-07-21,124.00968414619462,124.82253709899592,123.53387184172081,124.81262969970703,4113000
2026-07-22,126.0319009048786,126.86458375270631,125.3479122330451,126.8348388671875,3410100
2026-07-23,127.72700772175139,128.57951295571186,126.44824230791052,128.1334228515625,3459800
2026-07-24,128.21272281206578,129.85825857380362,128.13341824364227,129.3824462890625,2856500
2026-07-27,128.6191560781158,129.72938981055717,127.51882974478546,127.7071762084961,2971200
2026-07-28,128.68854845338635,131.49387000307553,128.09377176128712,128.1136016845703,3641600
2026-07-29,128.61915294512474,129.15443987428432,127.2412682122475,127.95499420166016,3668300
2026-07-30,128.0342982785404,128.17307749118237,124.1484576358656,125.16947937011719,4743800
2026-07-31,124.55489103720784,125.27852444108431,123.54377667611735,124.33680725097656,4313200
2026-08-03,123.91055676655108,124.91175618283687,122.42363008535247,123.19683074951172,5075600
2026-08-04,122.43354181664904,123.78168924372534,120.73844635236195,123.1869125366211,5683300
2026-08-05,123.26621401318269,123.26621401318269,121.30347513026416,122.2650146484375,6787900
2026-08-06,123.85108138706987,124.01959792817985,121.5215568833136,122.82014465332031,5060500
2026-08-07,121.92798144795216,124.3070655253702,121.27373011242977,123.76185607910156,4309600
2026-08-10,122.91927308787321,122.91927308787321,119.67777623008685,120.1337661743164,11795800
2026-08-11,120.19323876740596,122.26501962400879,119.81655340154185,122.1163330078125,7042800
2026-08-12,121.64051090627524,122.66153265414653,121.43234208453546,122.41371154785156,3440900
2026-08-13,122.69127276687303,123.57352288321373,122.54258615003485,123.40499877929688,3336800
2026-08-14,123.18000030517578,124.43000030517578,123.01000213623047,123.91999816894531,4124800
2026-08-17,123.25,124.05000305175781,122.86000061035156,123.58000183105469,2896400
2026-08-18,124.95999908447266,125.66000366210938,123.91000366210938,123.98999786376953,5411500
2026-08-19,124.7300033569336,125.11000061035156,123.0,123.5999984741211,3525900
2026-08-20,123.25,124.27999877929688,122.66000366210938,122.69000244140625,3729200
2026-08-21,122.83999633789062,123.04000091552734,119.73999786376953,119.8499984741211,4844700
2026-08-24,120.19999694824219,122.20999908447266,119.98999786376953,121.97000122070312,3356300
2026-08-25,121.69999694824219,122.19999694824219,121.16000366210938,121.58999633789062,2766600
2026-08-26,121.5999984741211,122.56999969482422,121.58999633789062,121.88999938964844,2744100
2026-08-27,120.80000305175781,121.18000030517578,120.0999984741211,120.83999633789062,3208700
2026-08-28,121.41000366210938,121.58999633789062,119.72000122070312,120.25,2703000
2026-08-31,119.5999984741211,120.5199966430664,119.04000091552734,119.91000366210938,4283100
2026-09-01,120.4800033569336,121.25,119.76000213623047,120.38999938964844,3174700
2026-09-02,120.22000122070312,121.05999755859375,119.22000122070312,120.55999755859375,3419100
2026-09-03,120.80999755859375,121.9800033569336,120.76000213623047,121.4000015258789,3357200
2026-09-04,120.73999786376953,121.43000030517578,119.97000122070312,120.22000122070312,3208500
2026-09-08,120.20999908447266,121.62000274658203,120.0,121.23999786376953,3462300
2026-09-09,121.56999969482422,121.56999969482422,119.69000244140625,120.43000030517578,4079700
2026-09-10,120.9800033569336,121.26000213623047,119.2699966430664,119.37000274658203,3270700
2026-09-11,120.26000213623047,120.3499984741211,118.98999786376953,119.41999816894531,3033100
